-- phpMyAdmin SQL Dump
-- version 4.2.10
-- http://www.phpmyadmin.net
--
-- Servidor: localhost:3306
-- Tiempo de generación: 02-06-2015 a las 13:26:47
-- Versión del servidor: 5.5.38
-- Versión de PHP: 5.6.2

SET SQL_MODE = "NO_AUTO_VALUE_ON_ZERO";
SET time_zone = "+00:00";


/*!40101 SET @OLD_CHARACTER_SET_CLIENT=@@CHARACTER_SET_CLIENT */;
/*!40101 SET @OLD_CHARACTER_SET_RESULTS=@@CHARACTER_SET_RESULTS */;
/*!40101 SET @OLD_COLLATION_CONNECTION=@@COLLATION_CONNECTION */;
/*!40101 SET NAMES utf8 */;

--
-- Base de datos: `examenes`
--

-- --------------------------------------------------------

--
-- Estructura de tabla para la tabla `alumnos_matriculados_examenes`
--

CREATE TABLE `alumnos_matriculados_examenes` (
`id` int(10) unsigned NOT NULL,
  `estado` varchar(255) COLLATE utf8_unicode_ci NOT NULL,
  `usuario_id` int(10) unsigned NOT NULL,
  `examen_id` int(10) unsigned NOT NULL,
  `created_at` timestamp NOT NULL DEFAULT '0000-00-00 00:00:00',
  `updated_at` timestamp NOT NULL DEFAULT '0000-00-00 00:00:00'
) ENGINE=InnoDB AUTO_INCREMENT=31 DEFAULT CHARSET=utf8 COLLATE=utf8_unicode_ci;

--
-- Volcado de datos para la tabla `alumnos_matriculados_examenes`
--

INSERT INTO `alumnos_matriculados_examenes` (`id`, `estado`, `usuario_id`, `examen_id`, `created_at`, `updated_at`) VALUES
(1, 'superado', 1, 1, '0000-00-00 00:00:00', '0000-00-00 00:00:00'),
(2, 'superado', 1, 2, '0000-00-00 00:00:00', '0000-00-00 00:00:00'),
(3, 'anulado', 1, 3, '0000-00-00 00:00:00', '0000-00-00 00:00:00'),
(4, 'superado', 1, 4, '0000-00-00 00:00:00', '0000-00-00 00:00:00'),
(5, 'anulado', 1, 5, '0000-00-00 00:00:00', '0000-00-00 00:00:00'),
(6, 'superado', 2, 1, '0000-00-00 00:00:00', '0000-00-00 00:00:00'),
(7, 'superado', 2, 2, '0000-00-00 00:00:00', '0000-00-00 00:00:00'),
(8, 'no_superado', 2, 3, '0000-00-00 00:00:00', '0000-00-00 00:00:00'),
(9, 'no_superado', 2, 4, '0000-00-00 00:00:00', '0000-00-00 00:00:00'),
(10, 'no_superado', 2, 5, '0000-00-00 00:00:00', '0000-00-00 00:00:00'),
(11, 'no_superado', 3, 1, '0000-00-00 00:00:00', '0000-00-00 00:00:00'),
(12, 'no_superado', 3, 2, '0000-00-00 00:00:00', '0000-00-00 00:00:00'),
(13, 'no_superado', 3, 3, '0000-00-00 00:00:00', '0000-00-00 00:00:00'),
(14, 'no_superado', 3, 4, '0000-00-00 00:00:00', '0000-00-00 00:00:00'),
(15, 'no_superado', 3, 5, '0000-00-00 00:00:00', '0000-00-00 00:00:00'),
(16, 'no_superado', 4, 1, '0000-00-00 00:00:00', '0000-00-00 00:00:00'),
(17, 'no_superado', 4, 2, '0000-00-00 00:00:00', '0000-00-00 00:00:00'),
(18, 'no_superado', 4, 3, '0000-00-00 00:00:00', '0000-00-00 00:00:00'),
(19, 'no_superado', 4, 4, '0000-00-00 00:00:00', '0000-00-00 00:00:00'),
(20, 'no_superado', 4, 5, '0000-00-00 00:00:00', '0000-00-00 00:00:00'),
(21, 'no_superado', 5, 1, '0000-00-00 00:00:00', '0000-00-00 00:00:00'),
(22, 'no_superado', 5, 2, '0000-00-00 00:00:00', '0000-00-00 00:00:00'),
(23, 'no_superado', 5, 3, '0000-00-00 00:00:00', '0000-00-00 00:00:00'),
(24, 'no_superado', 5, 4, '0000-00-00 00:00:00', '0000-00-00 00:00:00'),
(25, 'no_superado', 5, 5, '0000-00-00 00:00:00', '0000-00-00 00:00:00'),
(26, 'no_superado', 1, 6, '0000-00-00 00:00:00', '0000-00-00 00:00:00'),
(27, 'no_superado', 2, 6, '0000-00-00 00:00:00', '0000-00-00 00:00:00'),
(28, 'no_superado', 3, 6, '0000-00-00 00:00:00', '0000-00-00 00:00:00'),
(29, 'no_superado', 4, 6, '0000-00-00 00:00:00', '0000-00-00 00:00:00'),
(30, 'no_superado', 5, 6, '0000-00-00 00:00:00', '0000-00-00 00:00:00');

-- --------------------------------------------------------

--
-- Estructura de tabla para la tabla `examenes`
--

CREATE TABLE `examenes` (
`id` int(10) unsigned NOT NULL,
  `codigo` varchar(255) COLLATE utf8_unicode_ci NOT NULL,
  `nombre` varchar(255) COLLATE utf8_unicode_ci NOT NULL,
  `created_at` timestamp NOT NULL DEFAULT '0000-00-00 00:00:00',
  `updated_at` timestamp NOT NULL DEFAULT '0000-00-00 00:00:00'
) ENGINE=InnoDB AUTO_INCREMENT=7 DEFAULT CHARSET=utf8 COLLATE=utf8_unicode_ci;

--
-- Volcado de datos para la tabla `examenes`
--

INSERT INTO `examenes` (`id`, `codigo`, `nombre`, `created_at`, `updated_at`) VALUES
(1, 'AE2015', 'Administración electrónica', '0000-00-00 00:00:00', '0000-00-00 00:00:00'),
(2, 'DB2015', 'Diseño de Base de Datos', '0000-00-00 00:00:00', '0000-00-00 00:00:00'),
(3, 'IA2015', 'Inteligencia Artificial', '0000-00-00 00:00:00', '0000-00-00 00:00:00'),
(4, 'CA2015', 'Calidad Software', '0000-00-00 00:00:00', '0000-00-00 00:00:00'),
(5, 'SI2015', 'Seguridad Informática', '0000-00-00 00:00:00', '0000-00-00 00:00:00'),
(6, 'Ex2015', 'Examen', '0000-00-00 00:00:00', '0000-00-00 00:00:00');

-- --------------------------------------------------------

--
-- Estructura de tabla para la tabla `migrations`
--

CREATE TABLE `migrations` (
  `migration` varchar(255) COLLATE utf8_unicode_ci NOT NULL,
  `batch` int(11) NOT NULL
) ENGINE=InnoDB DEFAULT CHARSET=utf8 COLLATE=utf8_unicode_ci;

--
-- Volcado de datos para la tabla `migrations`
--

INSERT INTO `migrations` (`migration`, `batch`) VALUES
('2014_10_12_000000_create_users_table', 1),
('2014_10_12_100000_create_password_resets_table', 1),
('2015_03_24_021649_create_tests_table', 1),
('2015_03_24_023246_create_users_tests_table', 1),
('2015_03_24_031610_create_questions_table', 1),
('2015_04_03_050920_create_users_register_test_table', 1);

-- --------------------------------------------------------

--
-- Estructura de tabla para la tabla `password_resets`
--

CREATE TABLE `password_resets` (
  `email` varchar(255) COLLATE utf8_unicode_ci NOT NULL,
  `token` varchar(255) COLLATE utf8_unicode_ci NOT NULL,
  `created_at` timestamp NOT NULL DEFAULT '0000-00-00 00:00:00'
) ENGINE=InnoDB DEFAULT CHARSET=utf8 COLLATE=utf8_unicode_ci;

-- --------------------------------------------------------

--
-- Estructura de tabla para la tabla `preguntas`
--

CREATE TABLE `preguntas` (
`id` int(10) unsigned NOT NULL,
  `pregunta` varchar(255) COLLATE utf8_unicode_ci NOT NULL,
  `resp_a` varchar(255) COLLATE utf8_unicode_ci NOT NULL,
  `resp_b` varchar(255) COLLATE utf8_unicode_ci NOT NULL,
  `resp_c` varchar(255) COLLATE utf8_unicode_ci NOT NULL,
  `resp_d` varchar(255) COLLATE utf8_unicode_ci NOT NULL,
  `correcta` varchar(255) COLLATE utf8_unicode_ci NOT NULL,
  `examen_id` int(10) unsigned NOT NULL,
  `created_at` timestamp NOT NULL DEFAULT '0000-00-00 00:00:00',
  `updated_at` timestamp NOT NULL DEFAULT '0000-00-00 00:00:00'
) ENGINE=InnoDB AUTO_INCREMENT=201 DEFAULT CHARSET=utf8 COLLATE=utf8_unicode_ci;

--
-- Volcado de datos para la tabla `preguntas`
--

INSERT INTO `preguntas` (`id`, `pregunta`, `resp_a`, `resp_b`, `resp_c`, `resp_d`, `correcta`, `examen_id`, `created_at`, `updated_at`) VALUES
(1, 'La Administración Electrónica...', 'Implica el uso de las TIC en las Administraciones Públicas.', 'Requiere cambios organizativos.', 'Nuevas capacidades en los empleados públicos.', 'Todas las anteriores.', 'resp_d', 1, '0000-00-00 00:00:00', '0000-00-00 00:00:00'),
(2, 'Una infraestructura de clave pública es el conjunto de elementos hardware y software,...', 'Así como políticas y procedimientos que permiten llevar a cabo la gestión de las aplicaciones de administración electrónica.', 'Que permiten gestionar el ciclo de vida de los certificados digitales.', 'Así como políticas y procedimientos que permiten llevar a cabo la gestión y el control de vida de los certificados digitales.', 'Ninguna de las anteriores es correcta.', 'resp_b', 1, '0000-00-00 00:00:00', '0000-00-00 00:00:00'),
(3, '¿Quién mantiene actualizada la CRL?', 'La Autoridad de Certificación.', 'La Autoridad de Registro.', 'La Autoridad de Revocación.', 'Los poseedores de un certificado digital.', 'resp_a', 1, '0000-00-00 00:00:00', '0000-00-00 00:00:00'),
(4, '¿Qué tipo de certificado permite identificar una cualidad, estado o situación?', 'Certificado de representante.', 'Certificado de pertenencia a empresa.', 'Certificado de atributo.', 'Certificado mixto.', 'resp_c', 1, '0000-00-00 00:00:00', '0000-00-00 00:00:00'),
(5, 'SL proporciona...', 'Autenticación y confidencialidad.', 'Autenticación y no repudio.', 'Autenticación, confidencialidad, integridad y no repudio.', 'Autenticación, confidencialidad e integridad.', 'resp_c', 1, '0000-00-00 00:00:00', '0000-00-00 00:00:00'),
(6, 'Con respecto a los subprotocolos de TLS/SSL:', 'Record encapsula el tráfico.', 'Handshake se encarga únicamente de la autenticación.', 'Change Cipher Spec cambia a modo cifrado.', 'Todas las respuestas anteriores son correctas.', 'resp_c', 1, '0000-00-00 00:00:00', '0000-00-00 00:00:00'),
(7, 'Señale la afirmación FALSA con respecto a TLS/SSL...', 'El cliente siempre envía su certificado.', 'El servidor siempre envía su certificado.', 'Conexiones posteriores del mismo cliente reusarán la sesión existente y se establecerán más rápidamente.', 'La sesión se reinicia cuando se reinicia el servidor o el cliente.', 'resp_a', 1, '0000-00-00 00:00:00', '0000-00-00 00:00:00'),
(8, '¿Cuál es la Ley de Firma Electrónica?', 'Ley59/2003.', 'Ley11/2007.', 'Ley59/1999.', 'Ley15/1999.', 'resp_a', 1, '0000-00-00 00:00:00', '0000-00-00 00:00:00'),
(9, 'Un certificado digital se corresponde, siendo precisos, con:', 'Firma electrónica.', 'Firma electrónica avanzada.', 'Firma electrónica reconocida.', 'Firma electrónica regulada.', 'resp_c', 1, '0000-00-00 00:00:00', '0000-00-00 00:00:00'),
(10, '"Aquella dirección electrónica disponible para los ciudadanos a través de redes de telecomunicaciones cuya titularidad, gestión y administración corresponde a una Administració Pública, órgano o entidad administrativa en el ejercicio de sus competencias".', 'Tablón de anuncios digital.', 'Certificado digital del organismo.', 'Sedeelectrónica.', 'Ninguna de las anteriores.', 'resp_c', 1, '0000-00-00 00:00:00', '0000-00-00 00:00:00'),
(11, '¿Qué ley determina el contexto de agentes y servicios que conforman el nuevo modelo de Administración al que se pretende llegar, y que como podemos deducir, y en materia de identidad digital, se asienta sobre la LFE?', 'Ley11/2003.', 'Ley15/1999.', 'Ley7/2011.', 'Ley11/2007.', 'resp_d', 1, '0000-00-00 00:00:00', '0000-00-00 00:00:00'),
(12, 'Una "actuación administrativa producida por un sistema de información adecuadamente programado sin necesidad de intervención de una persona física en cada caso singular" se denomina, según la LAECSP:', 'Actuación administrativa automatizada.', 'Actuación administrativa directa.', 'Actuación administrativa mejorada.', 'Actuación administrativa anónima.', 'resp_a', 1, '0000-00-00 00:00:00', '0000-00-00 00:00:00'),
(13, '¿Qué instrumento se puede emplear para asegurar la validez de un documento impreso?', 'Sello de órgano.', 'Código seguro de verificación.', 'A y B son correctas.', 'Ninguna de las respuestas es correcta.', 'resp_b', 1, '0000-00-00 00:00:00', '0000-00-00 00:00:00'),
(14, 'Las administraciones públicas admiten sistemas de firma electrónica conforme a lo dispuesto por la LFE. ¿Cuáles de los siguientes son válidos?', 'DNIe, para personas físicas.', 'Certificados digitales.', 'Otros sistemas como, por ejemplo, claves concertadas.', 'Todas las anteriores son correctas.', 'resp_d', 1, '0000-00-00 00:00:00', '0000-00-00 00:00:00'),
(15, 'El DNI electrónico viene regulado por.', 'Ley59/2003.', 'Real Decreto 1553/2005.', 'Real Decreto 1586/2009.', 'Todas las anteriores son correctas.', 'resp_d', 1, '0000-00-00 00:00:00', '0000-00-00 00:00:00'),
(16, 'El uso por parte de la Administración de estándares abiertos así como, en su caso y de forma complementaria, de estándares que sean de uso generalizado por los ciudadanos, ¿es uno de los principios de la administración electrónica?', 'Sí, es el principio de neutralidad tecnológica.', 'Sí, es el principio de simplificación administrativa.', 'Sí, es el principio de accesibilidad.', 'No, la ley 11/2007 no recoge expresamente este principio.', 'resp_a', 1, '0000-00-00 00:00:00', '0000-00-00 00:00:00'),
(17, 'La publicación de actos y comunicaciones en tablón de anuncios electrónico,...', 'Puede complementar al tablón de anuncios presencial, pero no sustituirlo.', 'Puede sustituir o complementar al tablón de anuncios presencial.', 'No se recomienda.', 'No es un concepto recogido por la Ley 11/2007.', 'resp_b', 1, '0000-00-00 00:00:00', '0000-00-00 00:00:00'),
(18, '¿Qué formato de firma es el más apropiado para la firma longeva de los siguientes?', 'XAdES-A.', 'XAdES-T.', 'XAdES-X.', 'XAdES-C.', 'resp_a', 1, '0000-00-00 00:00:00', '0000-00-00 00:00:00'),
(19, '¿Qué formato de firma es el más apropiado para su entrega a usuarios?', 'XAdES.', 'CAdES.', 'PAdES.', 'No existen ventajas en optar por un formato u otro.', 'resp_c', 1, '0000-00-00 00:00:00', '0000-00-00 00:00:00'),
(20, '¿Cuál de los siguientes formatos utilizaría para firma longeva?', 'XAdES-C.', 'PAdES-LTV.', 'EPES Profile.', 'Ninguno de los anteriores.', 'resp_b', 1, '0000-00-00 00:00:00', '0000-00-00 00:00:00'),
(21, 'Con respecto al formato CAdES-T.', 'Es utilizado por PAdES-BES Profile.', 'Incluye información de sellado de tiempo.', 'A y B son correctas.', 'A y B son falsas.', 'resp_c', 1, '0000-00-00 00:00:00', '0000-00-00 00:00:00'),
(22, '¿Cuáles de las siguientes enumeraciones incluye un elemento extraño?', 'Firma en lote; Firma Desatendida; Multifirma.', 'Firma Centralizada; Firma digitalizada; Multifirma de lotes.', 'Firma en lote; Multifirma; Multifirma de lotes.', 'Firma en lote; Firma detached; Firma Desatendida.', 'resp_d', 1, '0000-00-00 00:00:00', '0000-00-00 00:00:00'),
(23, '¿Cuál de las siguientes NO es una opción para la generación del recibo de firma de un documento firmado?', 'QR Code.', 'Código de barras UCC128.', 'Generación de un cajetín de firma.', 'Permalink al perfil del usuario en la aplicación.', 'resp_d', 1, '0000-00-00 00:00:00', '0000-00-00 00:00:00'),
(24, '¿Es posible la supresión de la necesidad de aportar cualquier documento acreditativo en los procedimientos administrativos (SCSP)?', 'Sí, si es de manera automatizada.', 'Sí, basta con que el ciudadano lo autorice.', 'No, queda restringido a identidad y datos de residencia.', 'Ninguna de las respuestas anteriores es correcta.', 'resp_d', 1, '0000-00-00 00:00:00', '0000-00-00 00:00:00'),
(25, '¿Cuál de las siguientes es una plataforma para el uso de certificados digitales de uso generalizado en la Administración Pública española?', '@firma.', 'Afirm@.', 'E-firma.', 'Ninguna de las anteriores es correcta.', 'resp_a', 1, '0000-00-00 00:00:00', '0000-00-00 00:00:00'),
(26, 'La plataforma indicada en la pregunta anterior tiene un software que se ejecuta en cliente llamado Cliente de Firma. ¿Cuál es la afirmación FALSA?', 'Existe una versión ligera del cliente llamada miniapplet del cliente de firma.', 'El miniapplet del cliente de firma está desarrollado íntegramente en javascript para hacerlo más ligero.', 'El Cliente de firma es un applet Java.', 'El miniapplet de firma permite acceder a la clave privada asociada al certificado del cliente.', 'resp_b', 1, '0000-00-00 00:00:00', '0000-00-00 00:00:00'),
(27, 'La notificación electrónica se puede practicar mediante...', 'Un correo electrónico ordinario.', 'Una aplicación web que registre el acceso a una página determinada.', 'Una aplicación web que registre el acceso a una página determinada, siempre que la identificación sea mediante certificado digital.', 'Ninguna de las anteriores.', 'resp_b', 1, '0000-00-00 00:00:00', '0000-00-00 00:00:00'),
(28, '¿En qué contexto puede encontrar el Número de Referencia Completo (NRC)?', 'Notificación electrónica.', 'Registro electrónico.', 'Firmaelectrónica.', 'Pago electrónico.', 'resp_d', 1, '0000-00-00 00:00:00', '0000-00-00 00:00:00'),
(29, '¿Cómo se conoce a la firma múltiple en la que cada firma refrenda a la firma anterior?', 'Cofirma.', 'Multifirma.', 'Contrafirma.', 'Ninguna de las anteriores.', 'resp_c', 1, '0000-00-00 00:00:00', '0000-00-00 00:00:00'),
(30, 'La definición "Información de cualquier naturaleza en forma electrónica, archivada en un soporte electrónico según un formato determinado y susceptible de identificación y tratamiento diferenciado" se corresponde con:', 'Documento electrónico.', 'Compulsa electrónica.', 'Factura electrónica.', 'Expediente electrónico.', 'resp_a', 1, '0000-00-00 00:00:00', '0000-00-00 00:00:00'),
(31, 'La identificación mediante funcionario público...', 'Es una forma reconocida de identificación de los ciudadanos.', 'Requiere que el ciudadano y el funcionario cuenten con certificado digital.', 'Se puede usar en cualquier circunstancia.', 'Todas las anteriores son correctas.', 'resp_a', 1, '0000-00-00 00:00:00', '0000-00-00 00:00:00'),
(32, 'Son características del Código Seguro de Verificación:', 'El carácter único del código generado para cada documento.', 'Su vinculación con el documento generado y con el firmante.', 'Se debe garantizar la posibilidad de verificar el documento por el tiempo que se establezca en la resolución que autorice la aplicación de este procedimiento.', 'Todas las anteriores.', 'resp_d', 1, '0000-00-00 00:00:00', '0000-00-00 00:00:00'),
(33, 'El Registro General de Protección de Datos contiene:', 'La estructura y los datos de los ficheros de datos de carácter personal que han sido declarados.', 'La estructura de los ficheros de datos de carácter personal que han sido declarados.', 'El listado de los ficheros de datos de carácter personal que han sido declarados.', 'La estructura de los ficheros de datos de carácter personal que han sido declarados por las administraciones públicas.', 'resp_b', 1, '0000-00-00 00:00:00', '0000-00-00 00:00:00'),
(34, 'Todos los datos de carácter personal recogidos deben cumplir...', 'Principio del consentimiento del afectado.', 'Principio de información.', 'Principio de calidad de los datos.', 'Todas las respuestas anteriores son correctas.', 'resp_d', 1, '0000-00-00 00:00:00', '0000-00-00 00:00:00'),
(35, '¿Qué significan los derechos ARCO?', 'Acceso, rectificación, cancelación y oposición.', 'Acceso, revisión, cancelación y oposición.', 'Anonimización, rectificación, cancelación y oposición.', 'Acceso, rectificación, cancelación y ofuscación.', 'resp_a', 1, '0000-00-00 00:00:00', '0000-00-00 00:00:00'),
(36, 'La Protección de Datos de Carácter Personal viene regulada en:', 'Ley 15/1999.', 'R.D. 1720/2007.', 'A y B.', 'Ley 15/1999 y 34/2001.', 'resp_c', 1, '0000-00-00 00:00:00', '0000-00-00 00:00:00'),
(37, 'El Esquema Nacional de Seguridad viene regulado en: ', 'R.D. 3/2010.', 'R.D. 3/2011.', 'R.D. 4/2010.', 'R.D. 4/2011.', 'resp_a', 1, '0000-00-00 00:00:00', '0000-00-00 00:00:00'),
(38, 'El Esquema Nacional de Seguridad recoge:', 'Medidas relacionadas con la organización global de la seguridad.', 'Medidas para proteger la operación del sistema como conjunto integral de componentes para un fin.', 'Protección de activos concretos, según su naturaleza y la calidad exigida por el nivel de seguridad de las dimensiones afectadas. ', 'Todas las respuestas anteriores son correctas.', 'resp_d', 1, '0000-00-00 00:00:00', '0000-00-00 00:00:00'),
(39, 'Las Dimensiones de Seguridad recogidas en el ENS son:', 'Disponibilidad. Trazabilidad. Autenticidad. Integridad. Confidencialidad.', 'Disponibilidad. Trazabilidad. Autenticidad. Neutralidad. Integridad. Confidencialidad.', 'Disponibilidad. Autenticidad. Integridad. Confidencialidad. Legalidad.', 'Disponibilidad. Trazabilidad. Accesibilidad. Integridad. Confidencialidad..', 'resp_a', 1, '0000-00-00 00:00:00', '0000-00-00 00:00:00'),
(40, 'El Esquema Nacional de Interoperabilidad viene regulado en:', 'R.D. 4/2011.', 'R.D. 3/2010.', 'R.D. 4/2012.', 'R.D. 4/2010.', 'resp_d', 1, '0000-00-00 00:00:00', '0000-00-00 00:00:00'),
(41, 'La Administración Electrónica...', 'Implica el uso de las TIC en las Administraciones Públicas.', 'Requiere cambios organizativos.', 'Nuevas capacidades en los empleados públicos.', 'Todas las anteriores.', 'resp_d', 2, '0000-00-00 00:00:00', '0000-00-00 00:00:00'),
(42, 'Una infraestructura de clave pública es el conjunto de elementos hardware y software,...', 'Así como políticas y procedimientos que permiten llevar a cabo la gestión de las aplicaciones de administración electrónica.', 'Que permiten gestionar el ciclo de vida de los certificados digitales.', 'Así como políticas y procedimientos que permiten llevar a cabo la gestión y el control de vida de los certificados digitales.', 'Ninguna de las anteriores es correcta.', 'resp_b', 2, '0000-00-00 00:00:00', '0000-00-00 00:00:00'),
(43, '¿Quién mantiene actualizada la CRL?', 'La Autoridad de Certificación.', 'La Autoridad de Registro.', 'La Autoridad de Revocación.', 'Los poseedores de un certificado digital.', 'resp_a', 2, '0000-00-00 00:00:00', '0000-00-00 00:00:00'),
(44, '¿Qué tipo de certificado permite identificar una cualidad, estado o situación?', 'Certificado de representante.', 'Certificado de pertenencia a empresa.', 'Certificado de atributo.', 'Certificado mixto.', 'resp_c', 2, '0000-00-00 00:00:00', '0000-00-00 00:00:00'),
(45, 'SL proporciona...', 'Autenticación y confidencialidad.', 'Autenticación y no repudio.', 'Autenticación, confidencialidad, integridad y no repudio.', 'Autenticación, confidencialidad e integridad.', 'resp_c', 2, '0000-00-00 00:00:00', '0000-00-00 00:00:00'),
(46, 'Con respecto a los subprotocolos de TLS/SSL:', 'Record encapsula el tráfico.', 'Handshake se encarga únicamente de la autenticación.', 'Change Cipher Spec cambia a modo cifrado.', 'Todas las respuestas anteriores son correctas.', 'resp_c', 2, '0000-00-00 00:00:00', '0000-00-00 00:00:00'),
(47, 'Señale la afirmación FALSA con respecto a TLS/SSL...', 'El cliente siempre envía su certificado.', 'El servidor siempre envía su certificado.', 'Conexiones posteriores del mismo cliente reusarán la sesión existente y se establecerán más rápidamente.', 'La sesión se reinicia cuando se reinicia el servidor o el cliente.', 'resp_a', 2, '0000-00-00 00:00:00', '0000-00-00 00:00:00'),
(48, '¿Cuál es la Ley de Firma Electrónica?', 'Ley59/2003.', 'Ley11/2007.', 'Ley59/1999.', 'Ley15/1999.', 'resp_a', 2, '0000-00-00 00:00:00', '0000-00-00 00:00:00'),
(49, 'Un certificado digital se corresponde, siendo precisos, con:', 'Firma electrónica.', 'Firma electrónica avanzada.', 'Firma electrónica reconocida.', 'Firma electrónica regulada.', 'resp_c', 2, '0000-00-00 00:00:00', '0000-00-00 00:00:00'),
(50, '"Aquella dirección electrónica disponible para los ciudadanos a través de redes de telecomunicaciones cuya titularidad, gestión y administración corresponde a una Administració Pública, órgano o entidad administrativa en el ejercicio de sus competencias".', 'Tablón de anuncios digital.', 'Certificado digital del organismo.', 'Sedeelectrónica.', 'Ninguna de las anteriores.', 'resp_c', 2, '0000-00-00 00:00:00', '0000-00-00 00:00:00'),
(51, '¿Qué ley determina el contexto de agentes y servicios que conforman el nuevo modelo de Administración al que se pretende llegar, y que como podemos deducir, y en materia de identidad digital, se asienta sobre la LFE?', 'Ley11/2003.', 'Ley15/1999.', 'Ley7/2011.', 'Ley11/2007.', 'resp_d', 2, '0000-00-00 00:00:00', '0000-00-00 00:00:00'),
(52, 'Una "actuación administrativa producida por un sistema de información adecuadamente programado sin necesidad de intervención de una persona física en cada caso singular" se denomina, según la LAECSP:', 'Actuación administrativa automatizada.', 'Actuación administrativa directa.', 'Actuación administrativa mejorada.', 'Actuación administrativa anónima.', 'resp_a', 2, '0000-00-00 00:00:00', '0000-00-00 00:00:00'),
(53, '¿Qué instrumento se puede emplear para asegurar la validez de un documento impreso?', 'Sello de órgano.', 'Código seguro de verificación.', 'A y B son correctas.', 'Ninguna de las respuestas es correcta.', 'resp_b', 2, '0000-00-00 00:00:00', '0000-00-00 00:00:00'),
(54, 'Las administraciones públicas admiten sistemas de firma electrónica conforme a lo dispuesto por la LFE. ¿Cuáles de los siguientes son válidos?', 'DNIe, para personas físicas.', 'Certificados digitales.', 'Otros sistemas como, por ejemplo, claves concertadas.', 'Todas las anteriores son correctas.', 'resp_d', 2, '0000-00-00 00:00:00', '0000-00-00 00:00:00'),
(55, 'El DNI electrónico viene regulado por.', 'Ley59/2003.', 'Real Decreto 1553/2005.', 'Real Decreto 1586/2009.', 'Todas las anteriores son correctas.', 'resp_d', 2, '0000-00-00 00:00:00', '0000-00-00 00:00:00'),
(56, 'El uso por parte de la Administración de estándares abiertos así como, en su caso y de forma complementaria, de estándares que sean de uso generalizado por los ciudadanos, ¿es uno de los principios de la administración electrónica?', 'Sí, es el principio de neutralidad tecnológica.', 'Sí, es el principio de simplificación administrativa.', 'Sí, es el principio de accesibilidad.', 'No, la ley 11/2007 no recoge expresamente este principio.', 'resp_a', 2, '0000-00-00 00:00:00', '0000-00-00 00:00:00'),
(57, 'La publicación de actos y comunicaciones en tablón de anuncios electrónico,...', 'Puede complementar al tablón de anuncios presencial, pero no sustituirlo.', 'Puede sustituir o complementar al tablón de anuncios presencial.', 'No se recomienda.', 'No es un concepto recogido por la Ley 11/2007.', 'resp_b', 2, '0000-00-00 00:00:00', '0000-00-00 00:00:00'),
(58, '¿Qué formato de firma es el más apropiado para la firma longeva de los siguientes?', 'XAdES-A.', 'XAdES-T.', 'XAdES-X.', 'XAdES-C.', 'resp_a', 2, '0000-00-00 00:00:00', '0000-00-00 00:00:00'),
(59, '¿Qué formato de firma es el más apropiado para su entrega a usuarios?', 'XAdES.', 'CAdES.', 'PAdES.', 'No existen ventajas en optar por un formato u otro.', 'resp_c', 2, '0000-00-00 00:00:00', '0000-00-00 00:00:00'),
(60, '¿Cuál de los siguientes formatos utilizaría para firma longeva?', 'XAdES-C.', 'PAdES-LTV.', 'EPES Profile.', 'Ninguno de los anteriores.', 'resp_b', 2, '0000-00-00 00:00:00', '0000-00-00 00:00:00'),
(61, 'Con respecto al formato CAdES-T.', 'Es utilizado por PAdES-BES Profile.', 'Incluye información de sellado de tiempo.', 'A y B son correctas.', 'A y B son falsas.', 'resp_c', 2, '0000-00-00 00:00:00', '0000-00-00 00:00:00'),
(62, '¿Cuáles de las siguientes enumeraciones incluye un elemento extraño?', 'Firma en lote; Firma Desatendida; Multifirma.', 'Firma Centralizada; Firma digitalizada; Multifirma de lotes.', 'Firma en lote; Multifirma; Multifirma de lotes.', 'Firma en lote; Firma detached; Firma Desatendida.', 'resp_d', 2, '0000-00-00 00:00:00', '0000-00-00 00:00:00'),
(63, '¿Cuál de las siguientes NO es una opción para la generación del recibo de firma de un documento firmado?', 'QR Code.', 'Código de barras UCC128.', 'Generación de un cajetín de firma.', 'Permalink al perfil del usuario en la aplicación.', 'resp_d', 2, '0000-00-00 00:00:00', '0000-00-00 00:00:00'),
(64, '¿Es posible la supresión de la necesidad de aportar cualquier documento acreditativo en los procedimientos administrativos (SCSP)?', 'Sí, si es de manera automatizada.', 'Sí, basta con que el ciudadano lo autorice.', 'No, queda restringido a identidad y datos de residencia.', 'Ninguna de las respuestas anteriores es correcta.', 'resp_d', 2, '0000-00-00 00:00:00', '0000-00-00 00:00:00'),
(65, '¿Cuál de las siguientes es una plataforma para el uso de certificados digitales de uso generalizado en la Administración Pública española?', '@firma.', 'Afirm@.', 'E-firma.', 'Ninguna de las anteriores es correcta.', 'resp_a', 2, '0000-00-00 00:00:00', '0000-00-00 00:00:00'),
(66, 'La plataforma indicada en la pregunta anterior tiene un software que se ejecuta en cliente llamado Cliente de Firma. ¿Cuál es la afirmación FALSA?', 'Existe una versión ligera del cliente llamada miniapplet del cliente de firma.', 'El miniapplet del cliente de firma está desarrollado íntegramente en javascript para hacerlo más ligero.', 'El Cliente de firma es un applet Java.', 'El miniapplet de firma permite acceder a la clave privada asociada al certificado del cliente.', 'resp_b', 2, '0000-00-00 00:00:00', '0000-00-00 00:00:00'),
(67, 'La notificación electrónica se puede practicar mediante...', 'Un correo electrónico ordinario.', 'Una aplicación web que registre el acceso a una página determinada.', 'Una aplicación web que registre el acceso a una página determinada, siempre que la identificación sea mediante certificado digital.', 'Ninguna de las anteriores.', 'resp_b', 2, '0000-00-00 00:00:00', '0000-00-00 00:00:00'),
(68, '¿En qué contexto puede encontrar el Número de Referencia Completo (NRC)?', 'Notificación electrónica.', 'Registro electrónico.', 'Firmaelectrónica.', 'Pago electrónico.', 'resp_d', 2, '0000-00-00 00:00:00', '0000-00-00 00:00:00'),
(69, '¿Cómo se conoce a la firma múltiple en la que cada firma refrenda a la firma anterior?', 'Cofirma.', 'Multifirma.', 'Contrafirma.', 'Ninguna de las anteriores.', 'resp_c', 2, '0000-00-00 00:00:00', '0000-00-00 00:00:00'),
(70, 'La definición "Información de cualquier naturaleza en forma electrónica, archivada en un soporte electrónico según un formato determinado y susceptible de identificación y tratamiento diferenciado" se corresponde con:', 'Documento electrónico.', 'Compulsa electrónica.', 'Factura electrónica.', 'Expediente electrónico.', 'resp_a', 2, '0000-00-00 00:00:00', '0000-00-00 00:00:00'),
(71, 'La identificación mediante funcionario público...', 'Es una forma reconocida de identificación de los ciudadanos.', 'Requiere que el ciudadano y el funcionario cuenten con certificado digital.', 'Se puede usar en cualquier circunstancia.', 'Todas las anteriores son correctas.', 'resp_a', 2, '0000-00-00 00:00:00', '0000-00-00 00:00:00'),
(72, 'Son características del Código Seguro de Verificación:', 'El carácter único del código generado para cada documento.', 'Su vinculación con el documento generado y con el firmante.', 'Se debe garantizar la posibilidad de verificar el documento por el tiempo que se establezca en la resolución que autorice la aplicación de este procedimiento.', 'Todas las anteriores.', 'resp_d', 2, '0000-00-00 00:00:00', '0000-00-00 00:00:00'),
(73, 'El Registro General de Protección de Datos contiene:', 'La estructura y los datos de los ficheros de datos de carácter personal que han sido declarados.', 'La estructura de los ficheros de datos de carácter personal que han sido declarados.', 'El listado de los ficheros de datos de carácter personal que han sido declarados.', 'La estructura de los ficheros de datos de carácter personal que han sido declarados por las administraciones públicas.', 'resp_b', 2, '0000-00-00 00:00:00', '0000-00-00 00:00:00'),
(74, 'Todos los datos de carácter personal recogidos deben cumplir...', 'Principio del consentimiento del afectado.', 'Principio de información.', 'Principio de calidad de los datos.', 'Todas las respuestas anteriores son correctas.', 'resp_d', 2, '0000-00-00 00:00:00', '0000-00-00 00:00:00'),
(75, '¿Qué significan los derechos ARCO?', 'Acceso, rectificación, cancelación y oposición.', 'Acceso, revisión, cancelación y oposición.', 'Anonimización, rectificación, cancelación y oposición.', 'Acceso, rectificación, cancelación y ofuscación.', 'resp_a', 2, '0000-00-00 00:00:00', '0000-00-00 00:00:00'),
(76, 'La Protección de Datos de Carácter Personal viene regulada en:', 'Ley 15/1999.', 'R.D. 1720/2007.', 'A y B.', 'Ley 15/1999 y 34/2001.', 'resp_c', 2, '0000-00-00 00:00:00', '0000-00-00 00:00:00'),
(77, 'El Esquema Nacional de Seguridad viene regulado en: ', 'R.D. 3/2010.', 'R.D. 3/2011.', 'R.D. 4/2010.', 'R.D. 4/2011.', 'resp_a', 2, '0000-00-00 00:00:00', '0000-00-00 00:00:00'),
(78, 'El Esquema Nacional de Seguridad recoge:', 'Medidas relacionadas con la organización global de la seguridad.', 'Medidas para proteger la operación del sistema como conjunto integral de componentes para un fin.', 'Protección de activos concretos, según su naturaleza y la calidad exigida por el nivel de seguridad de las dimensiones afectadas. ', 'Todas las respuestas anteriores son correctas.', 'resp_d', 2, '0000-00-00 00:00:00', '0000-00-00 00:00:00'),
(79, 'Las Dimensiones de Seguridad recogidas en el ENS son:', 'Disponibilidad. Trazabilidad. Autenticidad. Integridad. Confidencialidad.', 'Disponibilidad. Trazabilidad. Autenticidad. Neutralidad. Integridad. Confidencialidad.', 'Disponibilidad. Autenticidad. Integridad. Confidencialidad. Legalidad.', 'Disponibilidad. Trazabilidad. Accesibilidad. Integridad. Confidencialidad..', 'resp_a', 2, '0000-00-00 00:00:00', '0000-00-00 00:00:00'),
(80, 'El Esquema Nacional de Interoperabilidad viene regulado en:', 'R.D. 4/2011.', 'R.D. 3/2010.', 'R.D. 4/2012.', 'R.D. 4/2010.', 'resp_d', 2, '0000-00-00 00:00:00', '0000-00-00 00:00:00'),
(81, 'La Administración Electrónica...', 'Implica el uso de las TIC en las Administraciones Públicas.', 'Requiere cambios organizativos.', 'Nuevas capacidades en los empleados públicos.', 'Todas las anteriores.', 'resp_d', 3, '0000-00-00 00:00:00', '0000-00-00 00:00:00'),
(82, 'Una infraestructura de clave pública es el conjunto de elementos hardware y software,...', 'Así como políticas y procedimientos que permiten llevar a cabo la gestión de las aplicaciones de administración electrónica.', 'Que permiten gestionar el ciclo de vida de los certificados digitales.', 'Así como políticas y procedimientos que permiten llevar a cabo la gestión y el control de vida de los certificados digitales.', 'Ninguna de las anteriores es correcta.', 'resp_b', 3, '0000-00-00 00:00:00', '0000-00-00 00:00:00'),
(83, '¿Quién mantiene actualizada la CRL?', 'La Autoridad de Certificación.', 'La Autoridad de Registro.', 'La Autoridad de Revocación.', 'Los poseedores de un certificado digital.', 'resp_a', 3, '0000-00-00 00:00:00', '0000-00-00 00:00:00'),
(84, '¿Qué tipo de certificado permite identificar una cualidad, estado o situación?', 'Certificado de representante.', 'Certificado de pertenencia a empresa.', 'Certificado de atributo.', 'Certificado mixto.', 'resp_c', 3, '0000-00-00 00:00:00', '0000-00-00 00:00:00'),
(85, 'SL proporciona...', 'Autenticación y confidencialidad.', 'Autenticación y no repudio.', 'Autenticación, confidencialidad, integridad y no repudio.', 'Autenticación, confidencialidad e integridad.', 'resp_c', 3, '0000-00-00 00:00:00', '0000-00-00 00:00:00'),
(86, 'Con respecto a los subprotocolos de TLS/SSL:', 'Record encapsula el tráfico.', 'Handshake se encarga únicamente de la autenticación.', 'Change Cipher Spec cambia a modo cifrado.', 'Todas las respuestas anteriores son correctas.', 'resp_c', 3, '0000-00-00 00:00:00', '0000-00-00 00:00:00'),
(87, 'Señale la afirmación FALSA con respecto a TLS/SSL...', 'El cliente siempre envía su certificado.', 'El servidor siempre envía su certificado.', 'Conexiones posteriores del mismo cliente reusarán la sesión existente y se establecerán más rápidamente.', 'La sesión se reinicia cuando se reinicia el servidor o el cliente.', 'resp_a', 3, '0000-00-00 00:00:00', '0000-00-00 00:00:00'),
(88, '¿Cuál es la Ley de Firma Electrónica?', 'Ley59/2003.', 'Ley11/2007.', 'Ley59/1999.', 'Ley15/1999.', 'resp_a', 3, '0000-00-00 00:00:00', '0000-00-00 00:00:00'),
(89, 'Un certificado digital se corresponde, siendo precisos, con:', 'Firma electrónica.', 'Firma electrónica avanzada.', 'Firma electrónica reconocida.', 'Firma electrónica regulada.', 'resp_c', 3, '0000-00-00 00:00:00', '0000-00-00 00:00:00'),
(90, '"Aquella dirección electrónica disponible para los ciudadanos a través de redes de telecomunicaciones cuya titularidad, gestión y administración corresponde a una Administració Pública, órgano o entidad administrativa en el ejercicio de sus competencias".', 'Tablón de anuncios digital.', 'Certificado digital del organismo.', 'Sedeelectrónica.', 'Ninguna de las anteriores.', 'resp_c', 3, '0000-00-00 00:00:00', '0000-00-00 00:00:00'),
(91, '¿Qué ley determina el contexto de agentes y servicios que conforman el nuevo modelo de Administración al que se pretende llegar, y que como podemos deducir, y en materia de identidad digital, se asienta sobre la LFE?', 'Ley11/2003.', 'Ley15/1999.', 'Ley7/2011.', 'Ley11/2007.', 'resp_d', 3, '0000-00-00 00:00:00', '0000-00-00 00:00:00'),
(92, 'Una "actuación administrativa producida por un sistema de información adecuadamente programado sin necesidad de intervención de una persona física en cada caso singular" se denomina, según la LAECSP:', 'Actuación administrativa automatizada.', 'Actuación administrativa directa.', 'Actuación administrativa mejorada.', 'Actuación administrativa anónima.', 'resp_a', 3, '0000-00-00 00:00:00', '0000-00-00 00:00:00'),
(93, '¿Qué instrumento se puede emplear para asegurar la validez de un documento impreso?', 'Sello de órgano.', 'Código seguro de verificación.', 'A y B son correctas.', 'Ninguna de las respuestas es correcta.', 'resp_b', 3, '0000-00-00 00:00:00', '0000-00-00 00:00:00'),
(94, 'Las administraciones públicas admiten sistemas de firma electrónica conforme a lo dispuesto por la LFE. ¿Cuáles de los siguientes son válidos?', 'DNIe, para personas físicas.', 'Certificados digitales.', 'Otros sistemas como, por ejemplo, claves concertadas.', 'Todas las anteriores son correctas.', 'resp_d', 3, '0000-00-00 00:00:00', '0000-00-00 00:00:00'),
(95, 'El DNI electrónico viene regulado por.', 'Ley59/2003.', 'Real Decreto 1553/2005.', 'Real Decreto 1586/2009.', 'Todas las anteriores son correctas.', 'resp_d', 3, '0000-00-00 00:00:00', '0000-00-00 00:00:00'),
(96, 'El uso por parte de la Administración de estándares abiertos así como, en su caso y de forma complementaria, de estándares que sean de uso generalizado por los ciudadanos, ¿es uno de los principios de la administración electrónica?', 'Sí, es el principio de neutralidad tecnológica.', 'Sí, es el principio de simplificación administrativa.', 'Sí, es el principio de accesibilidad.', 'No, la ley 11/2007 no recoge expresamente este principio.', 'resp_a', 3, '0000-00-00 00:00:00', '0000-00-00 00:00:00'),
(97, 'La publicación de actos y comunicaciones en tablón de anuncios electrónico,...', 'Puede complementar al tablón de anuncios presencial, pero no sustituirlo.', 'Puede sustituir o complementar al tablón de anuncios presencial.', 'No se recomienda.', 'No es un concepto recogido por la Ley 11/2007.', 'resp_b', 3, '0000-00-00 00:00:00', '0000-00-00 00:00:00'),
(98, '¿Qué formato de firma es el más apropiado para la firma longeva de los siguientes?', 'XAdES-A.', 'XAdES-T.', 'XAdES-X.', 'XAdES-C.', 'resp_a', 3, '0000-00-00 00:00:00', '0000-00-00 00:00:00'),
(99, '¿Qué formato de firma es el más apropiado para su entrega a usuarios?', 'XAdES.', 'CAdES.', 'PAdES.', 'No existen ventajas en optar por un formato u otro.', 'resp_c', 3, '0000-00-00 00:00:00', '0000-00-00 00:00:00'),
(100, '¿Cuál de los siguientes formatos utilizaría para firma longeva?', 'XAdES-C.', 'PAdES-LTV.', 'EPES Profile.', 'Ninguno de los anteriores.', 'resp_b', 3, '0000-00-00 00:00:00', '0000-00-00 00:00:00'),
(101, 'Con respecto al formato CAdES-T.', 'Es utilizado por PAdES-BES Profile.', 'Incluye información de sellado de tiempo.', 'A y B son correctas.', 'A y B son falsas.', 'resp_c', 3, '0000-00-00 00:00:00', '0000-00-00 00:00:00'),
(102, '¿Cuáles de las siguientes enumeraciones incluye un elemento extraño?', 'Firma en lote; Firma Desatendida; Multifirma.', 'Firma Centralizada; Firma digitalizada; Multifirma de lotes.', 'Firma en lote; Multifirma; Multifirma de lotes.', 'Firma en lote; Firma detached; Firma Desatendida.', 'resp_d', 3, '0000-00-00 00:00:00', '0000-00-00 00:00:00'),
(103, '¿Cuál de las siguientes NO es una opción para la generación del recibo de firma de un documento firmado?', 'QR Code.', 'Código de barras UCC128.', 'Generación de un cajetín de firma.', 'Permalink al perfil del usuario en la aplicación.', 'resp_d', 3, '0000-00-00 00:00:00', '0000-00-00 00:00:00'),
(104, '¿Es posible la supresión de la necesidad de aportar cualquier documento acreditativo en los procedimientos administrativos (SCSP)?', 'Sí, si es de manera automatizada.', 'Sí, basta con que el ciudadano lo autorice.', 'No, queda restringido a identidad y datos de residencia.', 'Ninguna de las respuestas anteriores es correcta.', 'resp_d', 3, '0000-00-00 00:00:00', '0000-00-00 00:00:00'),
(105, '¿Cuál de las siguientes es una plataforma para el uso de certificados digitales de uso generalizado en la Administración Pública española?', '@firma.', 'Afirm@.', 'E-firma.', 'Ninguna de las anteriores es correcta.', 'resp_a', 3, '0000-00-00 00:00:00', '0000-00-00 00:00:00'),
(106, 'La plataforma indicada en la pregunta anterior tiene un software que se ejecuta en cliente llamado Cliente de Firma. ¿Cuál es la afirmación FALSA?', 'Existe una versión ligera del cliente llamada miniapplet del cliente de firma.', 'El miniapplet del cliente de firma está desarrollado íntegramente en javascript para hacerlo más ligero.', 'El Cliente de firma es un applet Java.', 'El miniapplet de firma permite acceder a la clave privada asociada al certificado del cliente.', 'resp_b', 3, '0000-00-00 00:00:00', '0000-00-00 00:00:00'),
(107, 'La notificación electrónica se puede practicar mediante...', 'Un correo electrónico ordinario.', 'Una aplicación web que registre el acceso a una página determinada.', 'Una aplicación web que registre el acceso a una página determinada, siempre que la identificación sea mediante certificado digital.', 'Ninguna de las anteriores.', 'resp_b', 3, '0000-00-00 00:00:00', '0000-00-00 00:00:00'),
(108, '¿En qué contexto puede encontrar el Número de Referencia Completo (NRC)?', 'Notificación electrónica.', 'Registro electrónico.', 'Firmaelectrónica.', 'Pago electrónico.', 'resp_d', 3, '0000-00-00 00:00:00', '0000-00-00 00:00:00'),
(109, '¿Cómo se conoce a la firma múltiple en la que cada firma refrenda a la firma anterior?', 'Cofirma.', 'Multifirma.', 'Contrafirma.', 'Ninguna de las anteriores.', 'resp_c', 3, '0000-00-00 00:00:00', '0000-00-00 00:00:00'),
(110, 'La definición "Información de cualquier naturaleza en forma electrónica, archivada en un soporte electrónico según un formato determinado y susceptible de identificación y tratamiento diferenciado" se corresponde con:', 'Documento electrónico.', 'Compulsa electrónica.', 'Factura electrónica.', 'Expediente electrónico.', 'resp_a', 3, '0000-00-00 00:00:00', '0000-00-00 00:00:00'),
(111, 'La identificación mediante funcionario público...', 'Es una forma reconocida de identificación de los ciudadanos.', 'Requiere que el ciudadano y el funcionario cuenten con certificado digital.', 'Se puede usar en cualquier circunstancia.', 'Todas las anteriores son correctas.', 'resp_a', 3, '0000-00-00 00:00:00', '0000-00-00 00:00:00'),
(112, 'Son características del Código Seguro de Verificación:', 'El carácter único del código generado para cada documento.', 'Su vinculación con el documento generado y con el firmante.', 'Se debe garantizar la posibilidad de verificar el documento por el tiempo que se establezca en la resolución que autorice la aplicación de este procedimiento.', 'Todas las anteriores.', 'resp_d', 3, '0000-00-00 00:00:00', '0000-00-00 00:00:00'),
(113, 'El Registro General de Protección de Datos contiene:', 'La estructura y los datos de los ficheros de datos de carácter personal que han sido declarados.', 'La estructura de los ficheros de datos de carácter personal que han sido declarados.', 'El listado de los ficheros de datos de carácter personal que han sido declarados.', 'La estructura de los ficheros de datos de carácter personal que han sido declarados por las administraciones públicas.', 'resp_b', 3, '0000-00-00 00:00:00', '0000-00-00 00:00:00'),
(114, 'Todos los datos de carácter personal recogidos deben cumplir...', 'Principio del consentimiento del afectado.', 'Principio de información.', 'Principio de calidad de los datos.', 'Todas las respuestas anteriores son correctas.', 'resp_d', 3, '0000-00-00 00:00:00', '0000-00-00 00:00:00'),
(115, '¿Qué significan los derechos ARCO?', 'Acceso, rectificación, cancelación y oposición.', 'Acceso, revisión, cancelación y oposición.', 'Anonimización, rectificación, cancelación y oposición.', 'Acceso, rectificación, cancelación y ofuscación.', 'resp_a', 3, '0000-00-00 00:00:00', '0000-00-00 00:00:00'),
(116, 'La Protección de Datos de Carácter Personal viene regulada en:', 'Ley 15/1999.', 'R.D. 1720/2007.', 'A y B.', 'Ley 15/1999 y 34/2001.', 'resp_c', 3, '0000-00-00 00:00:00', '0000-00-00 00:00:00'),
(117, 'El Esquema Nacional de Seguridad viene regulado en: ', 'R.D. 3/2010.', 'R.D. 3/2011.', 'R.D. 4/2010.', 'R.D. 4/2011.', 'resp_a', 3, '0000-00-00 00:00:00', '0000-00-00 00:00:00'),
(118, 'El Esquema Nacional de Seguridad recoge:', 'Medidas relacionadas con la organización global de la seguridad.', 'Medidas para proteger la operación del sistema como conjunto integral de componentes para un fin.', 'Protección de activos concretos, según su naturaleza y la calidad exigida por el nivel de seguridad de las dimensiones afectadas. ', 'Todas las respuestas anteriores son correctas.', 'resp_d', 3, '0000-00-00 00:00:00', '0000-00-00 00:00:00'),
(119, 'Las Dimensiones de Seguridad recogidas en el ENS son:', 'Disponibilidad. Trazabilidad. Autenticidad. Integridad. Confidencialidad.', 'Disponibilidad. Trazabilidad. Autenticidad. Neutralidad. Integridad. Confidencialidad.', 'Disponibilidad. Autenticidad. Integridad. Confidencialidad. Legalidad.', 'Disponibilidad. Trazabilidad. Accesibilidad. Integridad. Confidencialidad..', 'resp_a', 3, '0000-00-00 00:00:00', '0000-00-00 00:00:00'),
(120, 'El Esquema Nacional de Interoperabilidad viene regulado en:', 'R.D. 4/2011.', 'R.D. 3/2010.', 'R.D. 4/2012.', 'R.D. 4/2010.', 'resp_d', 3, '0000-00-00 00:00:00', '0000-00-00 00:00:00'),
(121, 'La Administración Electrónica...', 'Implica el uso de las TIC en las Administraciones Públicas.', 'Requiere cambios organizativos.', 'Nuevas capacidades en los empleados públicos.', 'Todas las anteriores.', 'resp_d', 4, '0000-00-00 00:00:00', '0000-00-00 00:00:00'),
(122, 'Una infraestructura de clave pública es el conjunto de elementos hardware y software,...', 'Así como políticas y procedimientos que permiten llevar a cabo la gestión de las aplicaciones de administración electrónica.', 'Que permiten gestionar el ciclo de vida de los certificados digitales.', 'Así como políticas y procedimientos que permiten llevar a cabo la gestión y el control de vida de los certificados digitales.', 'Ninguna de las anteriores es correcta.', 'resp_b', 4, '0000-00-00 00:00:00', '0000-00-00 00:00:00'),
(123, '¿Quién mantiene actualizada la CRL?', 'La Autoridad de Certificación.', 'La Autoridad de Registro.', 'La Autoridad de Revocación.', 'Los poseedores de un certificado digital.', 'resp_a', 4, '0000-00-00 00:00:00', '0000-00-00 00:00:00'),
(124, '¿Qué tipo de certificado permite identificar una cualidad, estado o situación?', 'Certificado de representante.', 'Certificado de pertenencia a empresa.', 'Certificado de atributo.', 'Certificado mixto.', 'resp_c', 4, '0000-00-00 00:00:00', '0000-00-00 00:00:00'),
(125, 'SL proporciona...', 'Autenticación y confidencialidad.', 'Autenticación y no repudio.', 'Autenticación, confidencialidad, integridad y no repudio.', 'Autenticación, confidencialidad e integridad.', 'resp_c', 4, '0000-00-00 00:00:00', '0000-00-00 00:00:00'),
(126, 'Con respecto a los subprotocolos de TLS/SSL:', 'Record encapsula el tráfico.', 'Handshake se encarga únicamente de la autenticación.', 'Change Cipher Spec cambia a modo cifrado.', 'Todas las respuestas anteriores son correctas.', 'resp_c', 4, '0000-00-00 00:00:00', '0000-00-00 00:00:00'),
(127, 'Señale la afirmación FALSA con respecto a TLS/SSL...', 'El cliente siempre envía su certificado.', 'El servidor siempre envía su certificado.', 'Conexiones posteriores del mismo cliente reusarán la sesión existente y se establecerán más rápidamente.', 'La sesión se reinicia cuando se reinicia el servidor o el cliente.', 'resp_a', 4, '0000-00-00 00:00:00', '0000-00-00 00:00:00'),
(128, '¿Cuál es la Ley de Firma Electrónica?', 'Ley59/2003.', 'Ley11/2007.', 'Ley59/1999.', 'Ley15/1999.', 'resp_a', 4, '0000-00-00 00:00:00', '0000-00-00 00:00:00'),
(129, 'Un certificado digital se corresponde, siendo precisos, con:', 'Firma electrónica.', 'Firma electrónica avanzada.', 'Firma electrónica reconocida.', 'Firma electrónica regulada.', 'resp_c', 4, '0000-00-00 00:00:00', '0000-00-00 00:00:00'),
(130, '"Aquella dirección electrónica disponible para los ciudadanos a través de redes de telecomunicaciones cuya titularidad, gestión y administración corresponde a una Administració Pública, órgano o entidad administrativa en el ejercicio de sus competencias".', 'Tablón de anuncios digital.', 'Certificado digital del organismo.', 'Sedeelectrónica.', 'Ninguna de las anteriores.', 'resp_c', 4, '0000-00-00 00:00:00', '0000-00-00 00:00:00'),
(131, '¿Qué ley determina el contexto de agentes y servicios que conforman el nuevo modelo de Administración al que se pretende llegar, y que como podemos deducir, y en materia de identidad digital, se asienta sobre la LFE?', 'Ley11/2003.', 'Ley15/1999.', 'Ley7/2011.', 'Ley11/2007.', 'resp_d', 4, '0000-00-00 00:00:00', '0000-00-00 00:00:00'),
(132, 'Una "actuación administrativa producida por un sistema de información adecuadamente programado sin necesidad de intervención de una persona física en cada caso singular" se denomina, según la LAECSP:', 'Actuación administrativa automatizada.', 'Actuación administrativa directa.', 'Actuación administrativa mejorada.', 'Actuación administrativa anónima.', 'resp_a', 4, '0000-00-00 00:00:00', '0000-00-00 00:00:00'),
(133, '¿Qué instrumento se puede emplear para asegurar la validez de un documento impreso?', 'Sello de órgano.', 'Código seguro de verificación.', 'A y B son correctas.', 'Ninguna de las respuestas es correcta.', 'resp_b', 4, '0000-00-00 00:00:00', '0000-00-00 00:00:00'),
(134, 'Las administraciones públicas admiten sistemas de firma electrónica conforme a lo dispuesto por la LFE. ¿Cuáles de los siguientes son válidos?', 'DNIe, para personas físicas.', 'Certificados digitales.', 'Otros sistemas como, por ejemplo, claves concertadas.', 'Todas las anteriores son correctas.', 'resp_d', 4, '0000-00-00 00:00:00', '0000-00-00 00:00:00'),
(135, 'El DNI electrónico viene regulado por.', 'Ley59/2003.', 'Real Decreto 1553/2005.', 'Real Decreto 1586/2009.', 'Todas las anteriores son correctas.', 'resp_d', 4, '0000-00-00 00:00:00', '0000-00-00 00:00:00'),
(136, 'El uso por parte de la Administración de estándares abiertos así como, en su caso y de forma complementaria, de estándares que sean de uso generalizado por los ciudadanos, ¿es uno de los principios de la administración electrónica?', 'Sí, es el principio de neutralidad tecnológica.', 'Sí, es el principio de simplificación administrativa.', 'Sí, es el principio de accesibilidad.', 'No, la ley 11/2007 no recoge expresamente este principio.', 'resp_a', 4, '0000-00-00 00:00:00', '0000-00-00 00:00:00'),
(137, 'La publicación de actos y comunicaciones en tablón de anuncios electrónico,...', 'Puede complementar al tablón de anuncios presencial, pero no sustituirlo.', 'Puede sustituir o complementar al tablón de anuncios presencial.', 'No se recomienda.', 'No es un concepto recogido por la Ley 11/2007.', 'resp_b', 4, '0000-00-00 00:00:00', '0000-00-00 00:00:00'),
(138, '¿Qué formato de firma es el más apropiado para la firma longeva de los siguientes?', 'XAdES-A.', 'XAdES-T.', 'XAdES-X.', 'XAdES-C.', 'resp_a', 4, '0000-00-00 00:00:00', '0000-00-00 00:00:00'),
(139, '¿Qué formato de firma es el más apropiado para su entrega a usuarios?', 'XAdES.', 'CAdES.', 'PAdES.', 'No existen ventajas en optar por un formato u otro.', 'resp_c', 4, '0000-00-00 00:00:00', '0000-00-00 00:00:00'),
(140, '¿Cuál de los siguientes formatos utilizaría para firma longeva?', 'XAdES-C.', 'PAdES-LTV.', 'EPES Profile.', 'Ninguno de los anteriores.', 'resp_b', 4, '0000-00-00 00:00:00', '0000-00-00 00:00:00'),
(141, 'Con respecto al formato CAdES-T.', 'Es utilizado por PAdES-BES Profile.', 'Incluye información de sellado de tiempo.', 'A y B son correctas.', 'A y B son falsas.', 'resp_c', 4, '0000-00-00 00:00:00', '0000-00-00 00:00:00'),
(142, '¿Cuáles de las siguientes enumeraciones incluye un elemento extraño?', 'Firma en lote; Firma Desatendida; Multifirma.', 'Firma Centralizada; Firma digitalizada; Multifirma de lotes.', 'Firma en lote; Multifirma; Multifirma de lotes.', 'Firma en lote; Firma detached; Firma Desatendida.', 'resp_d', 4, '0000-00-00 00:00:00', '0000-00-00 00:00:00'),
(143, '¿Cuál de las siguientes NO es una opción para la generación del recibo de firma de un documento firmado?', 'QR Code.', 'Código de barras UCC128.', 'Generación de un cajetín de firma.', 'Permalink al perfil del usuario en la aplicación.', 'resp_d', 4, '0000-00-00 00:00:00', '0000-00-00 00:00:00'),
(144, '¿Es posible la supresión de la necesidad de aportar cualquier documento acreditativo en los procedimientos administrativos (SCSP)?', 'Sí, si es de manera automatizada.', 'Sí, basta con que el ciudadano lo autorice.', 'No, queda restringido a identidad y datos de residencia.', 'Ninguna de las respuestas anteriores es correcta.', 'resp_d', 4, '0000-00-00 00:00:00', '0000-00-00 00:00:00'),
(145, '¿Cuál de las siguientes es una plataforma para el uso de certificados digitales de uso generalizado en la Administración Pública española?', '@firma.', 'Afirm@.', 'E-firma.', 'Ninguna de las anteriores es correcta.', 'resp_a', 4, '0000-00-00 00:00:00', '0000-00-00 00:00:00'),
(146, 'La plataforma indicada en la pregunta anterior tiene un software que se ejecuta en cliente llamado Cliente de Firma. ¿Cuál es la afirmación FALSA?', 'Existe una versión ligera del cliente llamada miniapplet del cliente de firma.', 'El miniapplet del cliente de firma está desarrollado íntegramente en javascript para hacerlo más ligero.', 'El Cliente de firma es un applet Java.', 'El miniapplet de firma permite acceder a la clave privada asociada al certificado del cliente.', 'resp_b', 4, '0000-00-00 00:00:00', '0000-00-00 00:00:00'),
(147, 'La notificación electrónica se puede practicar mediante...', 'Un correo electrónico ordinario.', 'Una aplicación web que registre el acceso a una página determinada.', 'Una aplicación web que registre el acceso a una página determinada, siempre que la identificación sea mediante certificado digital.', 'Ninguna de las anteriores.', 'resp_b', 4, '0000-00-00 00:00:00', '0000-00-00 00:00:00'),
(148, '¿En qué contexto puede encontrar el Número de Referencia Completo (NRC)?', 'Notificación electrónica.', 'Registro electrónico.', 'Firmaelectrónica.', 'Pago electrónico.', 'resp_d', 4, '0000-00-00 00:00:00', '0000-00-00 00:00:00'),
(149, '¿Cómo se conoce a la firma múltiple en la que cada firma refrenda a la firma anterior?', 'Cofirma.', 'Multifirma.', 'Contrafirma.', 'Ninguna de las anteriores.', 'resp_c', 4, '0000-00-00 00:00:00', '0000-00-00 00:00:00'),
(150, 'La definición "Información de cualquier naturaleza en forma electrónica, archivada en un soporte electrónico según un formato determinado y susceptible de identificación y tratamiento diferenciado" se corresponde con:', 'Documento electrónico.', 'Compulsa electrónica.', 'Factura electrónica.', 'Expediente electrónico.', 'resp_a', 4, '0000-00-00 00:00:00', '0000-00-00 00:00:00'),
(151, 'La identificación mediante funcionario público...', 'Es una forma reconocida de identificación de los ciudadanos.', 'Requiere que el ciudadano y el funcionario cuenten con certificado digital.', 'Se puede usar en cualquier circunstancia.', 'Todas las anteriores son correctas.', 'resp_a', 4, '0000-00-00 00:00:00', '0000-00-00 00:00:00');
INSERT INTO `preguntas` (`id`, `pregunta`, `resp_a`, `resp_b`, `resp_c`, `resp_d`, `correcta`, `examen_id`, `created_at`, `updated_at`) VALUES
(152, 'Son características del Código Seguro de Verificación:', 'El carácter único del código generado para cada documento.', 'Su vinculación con el documento generado y con el firmante.', 'Se debe garantizar la posibilidad de verificar el documento por el tiempo que se establezca en la resolución que autorice la aplicación de este procedimiento.', 'Todas las anteriores.', 'resp_d', 4, '0000-00-00 00:00:00', '0000-00-00 00:00:00'),
(153, 'El Registro General de Protección de Datos contiene:', 'La estructura y los datos de los ficheros de datos de carácter personal que han sido declarados.', 'La estructura de los ficheros de datos de carácter personal que han sido declarados.', 'El listado de los ficheros de datos de carácter personal que han sido declarados.', 'La estructura de los ficheros de datos de carácter personal que han sido declarados por las administraciones públicas.', 'resp_b', 4, '0000-00-00 00:00:00', '0000-00-00 00:00:00'),
(154, 'Todos los datos de carácter personal recogidos deben cumplir...', 'Principio del consentimiento del afectado.', 'Principio de información.', 'Principio de calidad de los datos.', 'Todas las respuestas anteriores son correctas.', 'resp_d', 4, '0000-00-00 00:00:00', '0000-00-00 00:00:00'),
(155, '¿Qué significan los derechos ARCO?', 'Acceso, rectificación, cancelación y oposición.', 'Acceso, revisión, cancelación y oposición.', 'Anonimización, rectificación, cancelación y oposición.', 'Acceso, rectificación, cancelación y ofuscación.', 'resp_a', 4, '0000-00-00 00:00:00', '0000-00-00 00:00:00'),
(156, 'La Protección de Datos de Carácter Personal viene regulada en:', 'Ley 15/1999.', 'R.D. 1720/2007.', 'A y B.', 'Ley 15/1999 y 34/2001.', 'resp_c', 4, '0000-00-00 00:00:00', '0000-00-00 00:00:00'),
(157, 'El Esquema Nacional de Seguridad viene regulado en: ', 'R.D. 3/2010.', 'R.D. 3/2011.', 'R.D. 4/2010.', 'R.D. 4/2011.', 'resp_a', 4, '0000-00-00 00:00:00', '0000-00-00 00:00:00'),
(158, 'El Esquema Nacional de Seguridad recoge:', 'Medidas relacionadas con la organización global de la seguridad.', 'Medidas para proteger la operación del sistema como conjunto integral de componentes para un fin.', 'Protección de activos concretos, según su naturaleza y la calidad exigida por el nivel de seguridad de las dimensiones afectadas. ', 'Todas las respuestas anteriores son correctas.', 'resp_d', 4, '0000-00-00 00:00:00', '0000-00-00 00:00:00'),
(159, 'Las Dimensiones de Seguridad recogidas en el ENS son:', 'Disponibilidad. Trazabilidad. Autenticidad. Integridad. Confidencialidad.', 'Disponibilidad. Trazabilidad. Autenticidad. Neutralidad. Integridad. Confidencialidad.', 'Disponibilidad. Autenticidad. Integridad. Confidencialidad. Legalidad.', 'Disponibilidad. Trazabilidad. Accesibilidad. Integridad. Confidencialidad..', 'resp_a', 4, '0000-00-00 00:00:00', '0000-00-00 00:00:00'),
(160, 'El Esquema Nacional de Interoperabilidad viene regulado en:', 'R.D. 4/2011.', 'R.D. 3/2010.', 'R.D. 4/2012.', 'R.D. 4/2010.', 'resp_d', 4, '0000-00-00 00:00:00', '0000-00-00 00:00:00'),
(161, 'La Administración Electrónica...', 'Implica el uso de las TIC en las Administraciones Públicas.', 'Requiere cambios organizativos.', 'Nuevas capacidades en los empleados públicos.', 'Todas las anteriores.', 'resp_d', 5, '0000-00-00 00:00:00', '0000-00-00 00:00:00'),
(162, 'Una infraestructura de clave pública es el conjunto de elementos hardware y software,...', 'Así como políticas y procedimientos que permiten llevar a cabo la gestión de las aplicaciones de administración electrónica.', 'Que permiten gestionar el ciclo de vida de los certificados digitales.', 'Así como políticas y procedimientos que permiten llevar a cabo la gestión y el control de vida de los certificados digitales.', 'Ninguna de las anteriores es correcta.', 'resp_b', 5, '0000-00-00 00:00:00', '0000-00-00 00:00:00'),
(163, '¿Quién mantiene actualizada la CRL?', 'La Autoridad de Certificación.', 'La Autoridad de Registro.', 'La Autoridad de Revocación.', 'Los poseedores de un certificado digital.', 'resp_a', 5, '0000-00-00 00:00:00', '0000-00-00 00:00:00'),
(164, '¿Qué tipo de certificado permite identificar una cualidad, estado o situación?', 'Certificado de representante.', 'Certificado de pertenencia a empresa.', 'Certificado de atributo.', 'Certificado mixto.', 'resp_c', 5, '0000-00-00 00:00:00', '0000-00-00 00:00:00'),
(165, 'SL proporciona...', 'Autenticación y confidencialidad.', 'Autenticación y no repudio.', 'Autenticación, confidencialidad, integridad y no repudio.', 'Autenticación, confidencialidad e integridad.', 'resp_c', 5, '0000-00-00 00:00:00', '0000-00-00 00:00:00'),
(166, 'Con respecto a los subprotocolos de TLS/SSL:', 'Record encapsula el tráfico.', 'Handshake se encarga únicamente de la autenticación.', 'Change Cipher Spec cambia a modo cifrado.', 'Todas las respuestas anteriores son correctas.', 'resp_c', 5, '0000-00-00 00:00:00', '0000-00-00 00:00:00'),
(167, 'Señale la afirmación FALSA con respecto a TLS/SSL...', 'El cliente siempre envía su certificado.', 'El servidor siempre envía su certificado.', 'Conexiones posteriores del mismo cliente reusarán la sesión existente y se establecerán más rápidamente.', 'La sesión se reinicia cuando se reinicia el servidor o el cliente.', 'resp_a', 5, '0000-00-00 00:00:00', '0000-00-00 00:00:00'),
(168, '¿Cuál es la Ley de Firma Electrónica?', 'Ley59/2003.', 'Ley11/2007.', 'Ley59/1999.', 'Ley15/1999.', 'resp_a', 5, '0000-00-00 00:00:00', '0000-00-00 00:00:00'),
(169, 'Un certificado digital se corresponde, siendo precisos, con:', 'Firma electrónica.', 'Firma electrónica avanzada.', 'Firma electrónica reconocida.', 'Firma electrónica regulada.', 'resp_c', 5, '0000-00-00 00:00:00', '0000-00-00 00:00:00'),
(170, '"Aquella dirección electrónica disponible para los ciudadanos a través de redes de telecomunicaciones cuya titularidad, gestión y administración corresponde a una Administració Pública, órgano o entidad administrativa en el ejercicio de sus competencias".', 'Tablón de anuncios digital.', 'Certificado digital del organismo.', 'Sedeelectrónica.', 'Ninguna de las anteriores.', 'resp_c', 5, '0000-00-00 00:00:00', '0000-00-00 00:00:00'),
(171, '¿Qué ley determina el contexto de agentes y servicios que conforman el nuevo modelo de Administración al que se pretende llegar, y que como podemos deducir, y en materia de identidad digital, se asienta sobre la LFE?', 'Ley11/2003.', 'Ley15/1999.', 'Ley7/2011.', 'Ley11/2007.', 'resp_d', 5, '0000-00-00 00:00:00', '0000-00-00 00:00:00'),
(172, 'Una "actuación administrativa producida por un sistema de información adecuadamente programado sin necesidad de intervención de una persona física en cada caso singular" se denomina, según la LAECSP:', 'Actuación administrativa automatizada.', 'Actuación administrativa directa.', 'Actuación administrativa mejorada.', 'Actuación administrativa anónima.', 'resp_a', 5, '0000-00-00 00:00:00', '0000-00-00 00:00:00'),
(173, '¿Qué instrumento se puede emplear para asegurar la validez de un documento impreso?', 'Sello de órgano.', 'Código seguro de verificación.', 'A y B son correctas.', 'Ninguna de las respuestas es correcta.', 'resp_b', 5, '0000-00-00 00:00:00', '0000-00-00 00:00:00'),
(174, 'Las administraciones públicas admiten sistemas de firma electrónica conforme a lo dispuesto por la LFE. ¿Cuáles de los siguientes son válidos?', 'DNIe, para personas físicas.', 'Certificados digitales.', 'Otros sistemas como, por ejemplo, claves concertadas.', 'Todas las anteriores son correctas.', 'resp_d', 5, '0000-00-00 00:00:00', '0000-00-00 00:00:00'),
(175, 'El DNI electrónico viene regulado por.', 'Ley59/2003.', 'Real Decreto 1553/2005.', 'Real Decreto 1586/2009.', 'Todas las anteriores son correctas.', 'resp_d', 5, '0000-00-00 00:00:00', '0000-00-00 00:00:00'),
(176, 'El uso por parte de la Administración de estándares abiertos así como, en su caso y de forma complementaria, de estándares que sean de uso generalizado por los ciudadanos, ¿es uno de los principios de la administración electrónica?', 'Sí, es el principio de neutralidad tecnológica.', 'Sí, es el principio de simplificación administrativa.', 'Sí, es el principio de accesibilidad.', 'No, la ley 11/2007 no recoge expresamente este principio.', 'resp_a', 5, '0000-00-00 00:00:00', '0000-00-00 00:00:00'),
(177, 'La publicación de actos y comunicaciones en tablón de anuncios electrónico,...', 'Puede complementar al tablón de anuncios presencial, pero no sustituirlo.', 'Puede sustituir o complementar al tablón de anuncios presencial.', 'No se recomienda.', 'No es un concepto recogido por la Ley 11/2007.', 'resp_b', 5, '0000-00-00 00:00:00', '0000-00-00 00:00:00'),
(178, '¿Qué formato de firma es el más apropiado para la firma longeva de los siguientes?', 'XAdES-A.', 'XAdES-T.', 'XAdES-X.', 'XAdES-C.', 'resp_a', 5, '0000-00-00 00:00:00', '0000-00-00 00:00:00'),
(179, '¿Qué formato de firma es el más apropiado para su entrega a usuarios?', 'XAdES.', 'CAdES.', 'PAdES.', 'No existen ventajas en optar por un formato u otro.', 'resp_c', 5, '0000-00-00 00:00:00', '0000-00-00 00:00:00'),
(180, '¿Cuál de los siguientes formatos utilizaría para firma longeva?', 'XAdES-C.', 'PAdES-LTV.', 'EPES Profile.', 'Ninguno de los anteriores.', 'resp_b', 5, '0000-00-00 00:00:00', '0000-00-00 00:00:00'),
(181, 'Con respecto al formato CAdES-T.', 'Es utilizado por PAdES-BES Profile.', 'Incluye información de sellado de tiempo.', 'A y B son correctas.', 'A y B son falsas.', 'resp_c', 5, '0000-00-00 00:00:00', '0000-00-00 00:00:00'),
(182, '¿Cuáles de las siguientes enumeraciones incluye un elemento extraño?', 'Firma en lote; Firma Desatendida; Multifirma.', 'Firma Centralizada; Firma digitalizada; Multifirma de lotes.', 'Firma en lote; Multifirma; Multifirma de lotes.', 'Firma en lote; Firma detached; Firma Desatendida.', 'resp_d', 5, '0000-00-00 00:00:00', '0000-00-00 00:00:00'),
(183, '¿Cuál de las siguientes NO es una opción para la generación del recibo de firma de un documento firmado?', 'QR Code.', 'Código de barras UCC128.', 'Generación de un cajetín de firma.', 'Permalink al perfil del usuario en la aplicación.', 'resp_d', 5, '0000-00-00 00:00:00', '0000-00-00 00:00:00'),
(184, '¿Es posible la supresión de la necesidad de aportar cualquier documento acreditativo en los procedimientos administrativos (SCSP)?', 'Sí, si es de manera automatizada.', 'Sí, basta con que el ciudadano lo autorice.', 'No, queda restringido a identidad y datos de residencia.', 'Ninguna de las respuestas anteriores es correcta.', 'resp_d', 5, '0000-00-00 00:00:00', '0000-00-00 00:00:00'),
(185, '¿Cuál de las siguientes es una plataforma para el uso de certificados digitales de uso generalizado en la Administración Pública española?', '@firma.', 'Afirm@.', 'E-firma.', 'Ninguna de las anteriores es correcta.', 'resp_a', 5, '0000-00-00 00:00:00', '0000-00-00 00:00:00'),
(186, 'La plataforma indicada en la pregunta anterior tiene un software que se ejecuta en cliente llamado Cliente de Firma. ¿Cuál es la afirmación FALSA?', 'Existe una versión ligera del cliente llamada miniapplet del cliente de firma.', 'El miniapplet del cliente de firma está desarrollado íntegramente en javascript para hacerlo más ligero.', 'El Cliente de firma es un applet Java.', 'El miniapplet de firma permite acceder a la clave privada asociada al certificado del cliente.', 'resp_b', 5, '0000-00-00 00:00:00', '0000-00-00 00:00:00'),
(187, 'La notificación electrónica se puede practicar mediante...', 'Un correo electrónico ordinario.', 'Una aplicación web que registre el acceso a una página determinada.', 'Una aplicación web que registre el acceso a una página determinada, siempre que la identificación sea mediante certificado digital.', 'Ninguna de las anteriores.', 'resp_b', 5, '0000-00-00 00:00:00', '0000-00-00 00:00:00'),
(188, '¿En qué contexto puede encontrar el Número de Referencia Completo (NRC)?', 'Notificación electrónica.', 'Registro electrónico.', 'Firmaelectrónica.', 'Pago electrónico.', 'resp_d', 5, '0000-00-00 00:00:00', '0000-00-00 00:00:00'),
(189, '¿Cómo se conoce a la firma múltiple en la que cada firma refrenda a la firma anterior?', 'Cofirma.', 'Multifirma.', 'Contrafirma.', 'Ninguna de las anteriores.', 'resp_c', 5, '0000-00-00 00:00:00', '0000-00-00 00:00:00'),
(190, 'La definición "Información de cualquier naturaleza en forma electrónica, archivada en un soporte electrónico según un formato determinado y susceptible de identificación y tratamiento diferenciado" se corresponde con:', 'Documento electrónico.', 'Compulsa electrónica.', 'Factura electrónica.', 'Expediente electrónico.', 'resp_a', 5, '0000-00-00 00:00:00', '0000-00-00 00:00:00'),
(191, 'La identificación mediante funcionario público...', 'Es una forma reconocida de identificación de los ciudadanos.', 'Requiere que el ciudadano y el funcionario cuenten con certificado digital.', 'Se puede usar en cualquier circunstancia.', 'Todas las anteriores son correctas.', 'resp_a', 5, '0000-00-00 00:00:00', '0000-00-00 00:00:00'),
(192, 'Son características del Código Seguro de Verificación:', 'El carácter único del código generado para cada documento.', 'Su vinculación con el documento generado y con el firmante.', 'Se debe garantizar la posibilidad de verificar el documento por el tiempo que se establezca en la resolución que autorice la aplicación de este procedimiento.', 'Todas las anteriores.', 'resp_d', 5, '0000-00-00 00:00:00', '0000-00-00 00:00:00'),
(193, 'El Registro General de Protección de Datos contiene:', 'La estructura y los datos de los ficheros de datos de carácter personal que han sido declarados.', 'La estructura de los ficheros de datos de carácter personal que han sido declarados.', 'El listado de los ficheros de datos de carácter personal que han sido declarados.', 'La estructura de los ficheros de datos de carácter personal que han sido declarados por las administraciones públicas.', 'resp_b', 5, '0000-00-00 00:00:00', '0000-00-00 00:00:00'),
(194, 'Todos los datos de carácter personal recogidos deben cumplir...', 'Principio del consentimiento del afectado.', 'Principio de información.', 'Principio de calidad de los datos.', 'Todas las respuestas anteriores son correctas.', 'resp_d', 5, '0000-00-00 00:00:00', '0000-00-00 00:00:00'),
(195, '¿Qué significan los derechos ARCO?', 'Acceso, rectificación, cancelación y oposición.', 'Acceso, revisión, cancelación y oposición.', 'Anonimización, rectificación, cancelación y oposición.', 'Acceso, rectificación, cancelación y ofuscación.', 'resp_a', 5, '0000-00-00 00:00:00', '0000-00-00 00:00:00'),
(196, 'La Protección de Datos de Carácter Personal viene regulada en:', 'Ley 15/1999.', 'R.D. 1720/2007.', 'A y B.', 'Ley 15/1999 y 34/2001.', 'resp_c', 5, '0000-00-00 00:00:00', '0000-00-00 00:00:00'),
(197, 'El Esquema Nacional de Seguridad viene regulado en: ', 'R.D. 3/2010.', 'R.D. 3/2011.', 'R.D. 4/2010.', 'R.D. 4/2011.', 'resp_a', 5, '0000-00-00 00:00:00', '0000-00-00 00:00:00'),
(198, 'El Esquema Nacional de Seguridad recoge:', 'Medidas relacionadas con la organización global de la seguridad.', 'Medidas para proteger la operación del sistema como conjunto integral de componentes para un fin.', 'Protección de activos concretos, según su naturaleza y la calidad exigida por el nivel de seguridad de las dimensiones afectadas. ', 'Todas las respuestas anteriores son correctas.', 'resp_d', 5, '0000-00-00 00:00:00', '0000-00-00 00:00:00'),
(199, 'Las Dimensiones de Seguridad recogidas en el ENS son:', 'Disponibilidad. Trazabilidad. Autenticidad. Integridad. Confidencialidad.', 'Disponibilidad. Trazabilidad. Autenticidad. Neutralidad. Integridad. Confidencialidad.', 'Disponibilidad. Autenticidad. Integridad. Confidencialidad. Legalidad.', 'Disponibilidad. Trazabilidad. Accesibilidad. Integridad. Confidencialidad..', 'resp_a', 5, '0000-00-00 00:00:00', '0000-00-00 00:00:00'),
(200, 'El Esquema Nacional de Interoperabilidad viene regulado en:', 'R.D. 4/2011.', 'R.D. 3/2010.', 'R.D. 4/2012.', 'R.D. 4/2010.', 'resp_d', 5, '0000-00-00 00:00:00', '0000-00-00 00:00:00');

-- --------------------------------------------------------

--
-- Estructura de tabla para la tabla `usuarios`
--

CREATE TABLE `usuarios` (
`id` int(10) unsigned NOT NULL,
  `nombre` varchar(255) COLLATE utf8_unicode_ci NOT NULL,
  `apellidos` varchar(255) COLLATE utf8_unicode_ci NOT NULL,
  `dni` varchar(255) COLLATE utf8_unicode_ci NOT NULL,
  `usuario` varchar(255) COLLATE utf8_unicode_ci NOT NULL,
  `matriz` varchar(255) COLLATE utf8_unicode_ci NOT NULL,
  `clave` varchar(255) COLLATE utf8_unicode_ci NOT NULL,
  `tipo` varchar(255) COLLATE utf8_unicode_ci NOT NULL,
  `remember_token` varchar(100) COLLATE utf8_unicode_ci DEFAULT NULL,
  `created_at` timestamp NOT NULL DEFAULT '0000-00-00 00:00:00',
  `updated_at` timestamp NOT NULL DEFAULT '0000-00-00 00:00:00'
) ENGINE=InnoDB AUTO_INCREMENT=7 DEFAULT CHARSET=utf8 COLLATE=utf8_unicode_ci;

--
-- Volcado de datos para la tabla `usuarios`
--

INSERT INTO `usuarios` (`id`, `nombre`, `apellidos`, `dni`, `usuario`, `matriz`, `clave`, `tipo`, `remember_token`, `created_at`, `updated_at`) VALUES
(1, 'Mauricio', 'Quishpe Maldonado', '54223707B', 'mauricio', '123,456,789,987,654,321,123,456;123,456,789,987,654,321,123,456;123,456,789,987,654,321,123,456;123,456,789,987,654,321,123,456;123,456,789,987,654,321,123,456;123,456,789,987,654,321,123,456;123,456,789,987,654,321,123,456;123,456,789,987,654,321,123,456', '$2y$10$Gw3KOOJsKlqCTIR13Xqh8O/WC0Ee35kS1ZDO/0fFlZs.LssH.1OpS', 'usuario', NULL, '0000-00-00 00:00:00', '0000-00-00 00:00:00'),
(2, 'Edwin', 'Quishpe Maldonado', '12345678W', 'edwin', '123,456,789,987,654,321,123,456;123,456,789,987,654,321,123,456;123,456,789,987,654,321,123,456;123,456,789,987,654,321,123,456;123,456,789,987,654,321,123,456;123,456,789,987,654,321,123,456;123,456,789,987,654,321,123,456;123,456,789,987,654,321,123,456', '$2y$10$qOB.i42azYesH86CQ.3zBu0widiG1JOaQgDySUdmSAevcPf1p9VrW', 'usuario', NULL, '0000-00-00 00:00:00', '0000-00-00 00:00:00'),
(3, 'Pablo', 'Olmedo', '53423423D', 'pablo', '123,456,789,987,654,321,123,456;123,456,789,987,654,321,123,456;123,456,789,987,654,321,123,456;123,456,789,987,654,321,123,456;123,456,789,987,654,321,123,456;123,456,789,987,654,321,123,456;123,456,789,987,654,321,123,456;123,456,789,987,654,321,123,456', '$2y$10$q5saJCLMpEgk2bBo7Wtn/.Bli0fWlU7M.1w5It2IRCzIVPziMH/ni', 'usuario', NULL, '0000-00-00 00:00:00', '0000-00-00 00:00:00'),
(4, 'Lucas', 'López Madrigal', '34225364F', 'lucas', '123,456,789,987,654,321,123,456;123,456,789,987,654,321,123,456;123,456,789,987,654,321,123,456;123,456,789,987,654,321,123,456;123,456,789,987,654,321,123,456;123,456,789,987,654,321,123,456;123,456,789,987,654,321,123,456;123,456,789,987,654,321,123,456', '$2y$10$UuIDgkuYdETCfyJh9mxy3OpKquk4SNbpjt/G6BWdmjD/3CtyY91pG', 'usuario', NULL, '0000-00-00 00:00:00', '0000-00-00 00:00:00'),
(5, 'Marco', 'Ayala Ayala', '74635284K', 'marco', '123,456,789,987,654,321,123,456;123,456,789,987,654,321,123,456;123,456,789,987,654,321,123,456;123,456,789,987,654,321,123,456;123,456,789,987,654,321,123,456;123,456,789,987,654,321,123,456;123,456,789,987,654,321,123,456;123,456,789,987,654,321,123,456', '$2y$10$SggiXFaw5JH4lrz5aiwHZ.9xKGO3n4uAafZNgh0BijA9u3a305/zq', 'usuario', NULL, '0000-00-00 00:00:00', '0000-00-00 00:00:00'),
(6, 'Administrador', 'Admin Admin', '74635284F', 'admin', '123,456,789,987,654,321,123,456;123,456,789,987,654,321,123,456;123,456,789,987,654,321,123,456;123,456,789,987,654,321,123,456;123,456,789,987,654,321,123,456;123,456,789,987,654,321,123,456;123,456,789,987,654,321,123,456;123,456,789,987,654,321,123,456', '$2y$10$wqPSBOQOI9o4Qk6lheXHv.RFqbh3/YK7EfpKSbIQABWtNdTbfTAOe', 'administrador', NULL, '0000-00-00 00:00:00', '0000-00-00 00:00:00');

-- --------------------------------------------------------

--
-- Estructura de tabla para la tabla `usuarios_examenes`
--

CREATE TABLE `usuarios_examenes` (
`id` int(10) unsigned NOT NULL,
  `nota` decimal(8,2) NOT NULL,
  `resultado` text COLLATE utf8_unicode_ci NOT NULL,
  `estado` varchar(255) COLLATE utf8_unicode_ci NOT NULL,
  `fecha` datetime NOT NULL,
  `correctas` int(11) NOT NULL,
  `incorrectas` int(11) NOT NULL,
  `sin_responder` int(11) NOT NULL,
  `id_firma` varchar(255) COLLATE utf8_unicode_ci NOT NULL,
  `diploma` varchar(255) COLLATE utf8_unicode_ci NOT NULL,
  `usuario_id` int(10) unsigned NOT NULL,
  `examen_id` int(10) unsigned NOT NULL,
  `created_at` timestamp NOT NULL DEFAULT '0000-00-00 00:00:00',
  `updated_at` timestamp NOT NULL DEFAULT '0000-00-00 00:00:00'
) ENGINE=InnoDB AUTO_INCREMENT=31 DEFAULT CHARSET=utf8 COLLATE=utf8_unicode_ci;

--
-- Volcado de datos para la tabla `usuarios_examenes`
--

INSERT INTO `usuarios_examenes` (`id`, `nota`, `resultado`, `estado`, `fecha`, `correctas`, `incorrectas`, `sin_responder`, `id_firma`, `diploma`, `usuario_id`, `examen_id`, `created_at`, `updated_at`) VALUES
(1, 0.00, 'pregunta=¿Qué instrumento se puede emplear para asegurar la validez de un documento impreso?,respuesta=resp_a,correcta=resp_b,puntos=-0.3,icon=fa fa-times-circle rojo;pregunta=La Administración Electrónica...,respuesta=resp_c,correcta=resp_d,puntos=-0.3,icon=fa fa-times-circle rojo;pregunta=El Esquema Nacional de Seguridad viene regulado en: ,respuesta=resp_b,correcta=resp_a,puntos=-0.3,icon=fa fa-times-circle rojo;pregunta=La Protección de Datos de Carácter Personal viene regulada en:,respuesta=resp_a,correcta=resp_c,puntos=-0.3,icon=fa fa-times-circle rojo;pregunta=El Esquema Nacional de Interoperabilidad viene regulado en:,respuesta=resp_d,correcta=resp_d,puntos=1,icon=fa fa-check-circle verde;pregunta=¿Cómo se conoce a la firma múltiple en la que cada firma refrenda a la firma anterior?,respuesta=resp_c,correcta=resp_c,puntos=1,icon=fa fa-check-circle verde;pregunta=Las administraciones públicas admiten sistemas de firma electrónica conforme a lo dispuesto por la LFE. ¿Cuáles de los siguientes son válidos?,respuesta=resp_a,correcta=resp_d,puntos=-0.3,icon=fa fa-times-circle rojo;pregunta=¿Qué tipo de certificado permite identificar una cualidad, estado o situación?,respuesta=resp_d,correcta=resp_c,puntos=-0.3,icon=fa fa-times-circle rojo;pregunta=¿En qué contexto puede encontrar el Número de Referencia Completo (NRC)?,respuesta=resp_c,correcta=resp_d,puntos=-0.3,icon=fa fa-times-circle rojo;pregunta=¿Qué significan los derechos ARCO?,respuesta=resp_c,correcta=resp_a,puntos=-0.3,icon=fa fa-times-circle rojo;', 'firmado', '2015-04-10 12:34:30', 2, 8, 0, 'NN0O-AGOF-4OTF-RYT1-4286-6927-7907', '', 1, 2, '0000-00-00 00:00:00', '0000-00-00 00:00:00'),
(2, 0.90, 'pregunta=¿Cuál de las siguientes es una plataforma para el uso de certificados digitales de uso generalizado en la Administración Pública española?,respuesta=resp_a,correcta=resp_a,puntos=1,icon=fa fa-check-circle verde;pregunta=La identificación mediante funcionario público...,respuesta=resp_a,correcta=resp_a,puntos=1,icon=fa fa-check-circle verde;pregunta=El Esquema Nacional de Seguridad viene regulado en: ,respuesta=resp_c,correcta=resp_a,puntos=-0.3,icon=fa fa-times-circle rojo;pregunta=El uso por parte de la Administración de estándares abiertos así como, en su caso y de forma complementaria, de estándares que sean de uso generalizado por los ciudadanos, ¿es uno de los principios de la administración electrónica?,respuesta=resp_c,correcta=resp_a,puntos=-0.3,icon=fa fa-times-circle rojo;pregunta=El DNI electrónico viene regulado por.,respuesta=resp_c,correcta=resp_d,puntos=-0.3,icon=fa fa-times-circle rojo;pregunta=Las Dimensiones de Seguridad recogidas en el ENS son:,respuesta=resp_c,correcta=resp_a,puntos=-0.3,icon=fa fa-times-circle rojo;pregunta=Son características del Código Seguro de Verificación:,respuesta=resp_c,correcta=resp_d,puntos=-0.3,icon=fa fa-times-circle rojo;pregunta=¿Qué tipo de certificado permite identificar una cualidad, estado o situación?,respuesta=resp_c,correcta=resp_c,puntos=1,icon=fa fa-check-circle verde;pregunta=El Esquema Nacional de Seguridad recoge:,respuesta=resp_b,correcta=resp_d,puntos=-0.3,icon=fa fa-times-circle rojo;pregunta=Todos los datos de carácter personal recogidos deben cumplir...,respuesta=resp_a,correcta=resp_d,puntos=-0.3,icon=fa fa-times-circle rojo;', 'firmado', '2015-04-10 12:36:30', 3, 7, 0, 'RN0O-AGOF-4OTP-Y561-4286-6939-6224', '', 1, 2, '0000-00-00 00:00:00', '0000-00-00 00:00:00'),
(3, 0.90, 'pregunta=Una "actuación administrativa producida por un sistema de información adecuadamente programado sin necesidad de intervención de una persona física en cada caso singular" se denomina, según la LAECSP:,respuesta=resp_c,correcta=resp_a,puntos=-0.3,icon=fa fa-times-circle rojo;pregunta=¿Cuál de los siguientes formatos utilizaría para firma longeva?,respuesta=resp_c,correcta=resp_b,puntos=-0.3,icon=fa fa-times-circle rojo;pregunta=Una infraestructura de clave pública es el conjunto de elementos hardware y software,...,respuesta=resp_a,correcta=resp_b,puntos=-0.3,icon=fa fa-times-circle rojo;pregunta=El Esquema Nacional de Seguridad viene regulado en: ,respuesta=resp_b,correcta=resp_a,puntos=-0.3,icon=fa fa-times-circle rojo;pregunta=Con respecto al formato CAdES-T.,respuesta=resp_c,correcta=resp_c,puntos=1,icon=fa fa-check-circle verde;pregunta=¿Qué formato de firma es el más apropiado para la firma longeva de los siguientes?,respuesta=resp_b,correcta=resp_a,puntos=-0.3,icon=fa fa-times-circle rojo;pregunta=SL proporciona...,respuesta=resp_b,correcta=resp_c,puntos=-0.3,icon=fa fa-times-circle rojo;pregunta=El uso por parte de la Administración de estándares abiertos así como, en su caso y de forma complementaria, de estándares que sean de uso generalizado por los ciudadanos, ¿es uno de los principios de la administración electrónica?,respuesta=resp_c,correcta=resp_a,puntos=-0.3,icon=fa fa-times-circle rojo;pregunta=La notificación electrónica se puede practicar mediante...,respuesta=resp_b,correcta=resp_b,puntos=1,icon=fa fa-check-circle verde;pregunta=¿Cómo se conoce a la firma múltiple en la que cada firma refrenda a la firma anterior?,respuesta=resp_c,correcta=resp_c,puntos=1,icon=fa fa-check-circle verde;', 'firmado', '2015-04-10 12:37:27', 3, 7, 0, 'KN0O-AGOF-4OTB-DN21-4286-6945-5091', '', 1, 2, '0000-00-00 00:00:00', '0000-00-00 00:00:00'),
(4, 0.00, 'pregunta=Todos los datos de carácter personal recogidos deben cumplir...,respuesta=resp_a,correcta=resp_d,puntos=-0.3,icon=fa fa-times-circle rojo;pregunta=¿Cuáles de las siguientes enumeraciones incluye un elemento extraño?,respuesta=resp_b,correcta=resp_d,puntos=-0.3,icon=fa fa-times-circle rojo;pregunta=¿Qué instrumento se puede emplear para asegurar la validez de un documento impreso?,respuesta=resp_c,correcta=resp_b,puntos=-0.3,icon=fa fa-times-circle rojo;pregunta=Con respecto a los subprotocolos de TLS/SSL:,respuesta=resp_d,correcta=resp_c,puntos=-0.3,icon=fa fa-times-circle rojo;pregunta=¿Cuál de las siguientes NO es una opción para la generación del recibo de firma de un documento firmado?,respuesta=--,correcta=resp_d,puntos=0,icon=fa fa-minus-square;pregunta=Una infraestructura de clave pública es el conjunto de elementos hardware y software,...,respuesta=resp_b,correcta=resp_b,puntos=1,icon=fa fa-check-circle verde;pregunta="Aquella dirección electrónica disponible para los ciudadanos a través de redes de telecomunicaciones cuya titularidad, gestión y administración corresponde a una Administració Pública, órgano o entidad administrativa en el ejercicio de sus competencias".,respuesta=resp_d,correcta=resp_c,puntos=-0.3,icon=fa fa-times-circle rojo;pregunta=La notificación electrónica se puede practicar mediante...,respuesta=resp_c,correcta=resp_b,puntos=-0.3,icon=fa fa-times-circle rojo;pregunta=La definición "Información de cualquier naturaleza en forma electrónica, archivada en un soporte electrónico según un formato determinado y susceptible de identificación y tratamiento diferenciado" se corresponde con:,respuesta=resp_c,correcta=resp_a,puntos=-0.3,icon=fa fa-times-circle rojo;pregunta=El DNI electrónico viene regulado por.,respuesta=resp_a,correcta=resp_d,puntos=-0.3,icon=fa fa-times-circle rojo;', 'firmado', '2015-04-10 12:38:10', 1, 8, 1, 'ZN0O-AGOF-4OTJ-HWC1-4286-6949-8686', '', 1, 1, '0000-00-00 00:00:00', '0000-00-00 00:00:00'),
(5, 2.50, 'pregunta=¿Qué formato de firma es el más apropiado para su entrega a usuarios?,respuesta=resp_c,correcta=resp_c,puntos=1,icon=fa fa-check-circle verde;pregunta=Son características del Código Seguro de Verificación:,respuesta=resp_b,correcta=resp_d,puntos=-0.3,icon=fa fa-times-circle rojo;pregunta=¿Qué instrumento se puede emplear para asegurar la validez de un documento impreso?,respuesta=resp_b,correcta=resp_b,puntos=1,icon=fa fa-check-circle verde;pregunta=La identificación mediante funcionario público...,respuesta=resp_c,correcta=resp_a,puntos=-0.3,icon=fa fa-times-circle rojo;pregunta=Con respecto al formato CAdES-T.,respuesta=resp_b,correcta=resp_c,puntos=-0.3,icon=fa fa-times-circle rojo;pregunta=Una infraestructura de clave pública es el conjunto de elementos hardware y software,...,respuesta=--,correcta=resp_b,puntos=0,icon=fa fa-minus-square;pregunta=El Esquema Nacional de Seguridad recoge:,respuesta=resp_b,correcta=resp_d,puntos=-0.3,icon=fa fa-times-circle rojo;pregunta=La Protección de Datos de Carácter Personal viene regulada en:,respuesta=resp_c,correcta=resp_c,puntos=1,icon=fa fa-check-circle verde;pregunta=¿Cuál es la Ley de Firma Electrónica?,respuesta=resp_c,correcta=resp_a,puntos=-0.3,icon=fa fa-times-circle rojo;pregunta=El Registro General de Protección de Datos contiene:,respuesta=resp_b,correcta=resp_b,puntos=1,icon=fa fa-check-circle verde;', 'firmado', '2015-04-10 12:38:49', 4, 5, 1, 'CN0O-AGOF-4OTX-GA31-4286-6953-5484', '', 1, 1, '0000-00-00 00:00:00', '0000-00-00 00:00:00'),
(6, 1.10, 'pregunta=¿Cómo se conoce a la firma múltiple en la que cada firma refrenda a la firma anterior?,respuesta=resp_b,correcta=resp_c,puntos=-0.3,icon=fa fa-times-circle rojo;pregunta=La notificación electrónica se puede practicar mediante...,respuesta=resp_d,correcta=resp_b,puntos=-0.3,icon=fa fa-times-circle rojo;pregunta=¿Cuáles de las siguientes enumeraciones incluye un elemento extraño?,respuesta=--,correcta=resp_d,puntos=0,icon=fa fa-minus-square;pregunta=¿Cuál de las siguientes es una plataforma para el uso de certificados digitales de uso generalizado en la Administración Pública española?,respuesta=--,correcta=resp_a,puntos=0,icon=fa fa-minus-square;pregunta=El uso por parte de la Administración de estándares abiertos así como, en su caso y de forma complementaria, de estándares que sean de uso generalizado por los ciudadanos, ¿es uno de los principios de la administración electrónica?,respuesta=resp_b,correcta=resp_a,puntos=-0.3,icon=fa fa-times-circle rojo;pregunta=Con respecto al formato CAdES-T.,respuesta=--,correcta=resp_c,puntos=0,icon=fa fa-minus-square;pregunta=El Registro General de Protección de Datos contiene:,respuesta=--,correcta=resp_b,puntos=0,icon=fa fa-minus-square;pregunta=¿Cuál de los siguientes formatos utilizaría para firma longeva?,respuesta=resp_b,correcta=resp_b,puntos=1,icon=fa fa-check-circle verde;pregunta=Una infraestructura de clave pública es el conjunto de elementos hardware y software,...,respuesta=--,correcta=resp_b,puntos=0,icon=fa fa-minus-square;pregunta=El DNI electrónico viene regulado por.,respuesta=resp_d,correcta=resp_d,puntos=1,icon=fa fa-check-circle verde;', 'firmado', '2015-04-10 12:39:25', 2, 3, 5, 'DN0O-AGOF-4OTM-9HG1-4286-6957-3532', '', 1, 1, '0000-00-00 00:00:00', '0000-00-00 00:00:00'),
(7, 2.40, 'pregunta=Una infraestructura de clave pública es el conjunto de elementos hardware y software,...,respuesta=resp_b,correcta=resp_b,puntos=1,icon=fa fa-check-circle verde;pregunta=El Esquema Nacional de Seguridad viene regulado en: ,respuesta=--,correcta=resp_a,puntos=0,icon=fa fa-minus-square;pregunta=SL proporciona...,respuesta=--,correcta=resp_c,puntos=0,icon=fa fa-minus-square;pregunta=La Administración Electrónica...,respuesta=resp_d,correcta=resp_d,puntos=1,icon=fa fa-check-circle verde;pregunta=La Protección de Datos de Carácter Personal viene regulada en:,respuesta=--,correcta=resp_c,puntos=0,icon=fa fa-minus-square;pregunta=¿Es posible la supresión de la necesidad de aportar cualquier documento acreditativo en los procedimientos administrativos (SCSP)?,respuesta=--,correcta=resp_d,puntos=0,icon=fa fa-minus-square;pregunta=La identificación mediante funcionario público...,respuesta=resp_a,correcta=resp_a,puntos=1,icon=fa fa-check-circle verde;pregunta=Las Dimensiones de Seguridad recogidas en el ENS son:,respuesta=resp_c,correcta=resp_a,puntos=-0.3,icon=fa fa-times-circle rojo;pregunta=El Registro General de Protección de Datos contiene:,respuesta=--,correcta=resp_b,puntos=0,icon=fa fa-minus-square;pregunta=¿Qué ley determina el contexto de agentes y servicios que conforman el nuevo modelo de Administración al que se pretende llegar, y que como podemos deducir, y en materia de identidad digital, se asienta sobre la LFE?,respuesta=resp_a,correcta=resp_d,puntos=-0.3,icon=fa fa-times-circle rojo;', 'firmado', '2015-04-10 12:39:58', 3, 2, 5, 'TN0O-AGOF-4OTQ-X7B1-4286-6960-5839', '', 1, 1, '0000-00-00 00:00:00', '0000-00-00 00:00:00'),
(8, 0.80, 'pregunta=¿Cuál de los siguientes formatos utilizaría para firma longeva?,respuesta=resp_b,correcta=resp_b,puntos=1,icon=fa fa-check-circle verde;pregunta=Las Dimensiones de Seguridad recogidas en el ENS son:,respuesta=resp_b,correcta=resp_a,puntos=-0.3,icon=fa fa-times-circle rojo;pregunta=¿Qué significan los derechos ARCO?,respuesta=--,correcta=resp_a,puntos=0,icon=fa fa-minus-square;pregunta=La identificación mediante funcionario público...,respuesta=resp_a,correcta=resp_a,puntos=1,icon=fa fa-check-circle verde;pregunta=¿Qué formato de firma es el más apropiado para la firma longeva de los siguientes?,respuesta=--,correcta=resp_a,puntos=0,icon=fa fa-minus-square;pregunta=¿Es posible la supresión de la necesidad de aportar cualquier documento acreditativo en los procedimientos administrativos (SCSP)?,respuesta=--,correcta=resp_d,puntos=0,icon=fa fa-minus-square;pregunta=¿Cuál de las siguientes es una plataforma para el uso de certificados digitales de uso generalizado en la Administración Pública española?,respuesta=resp_b,correcta=resp_a,puntos=-0.3,icon=fa fa-times-circle rojo;pregunta=La Administración Electrónica...,respuesta=--,correcta=resp_d,puntos=0,icon=fa fa-minus-square;pregunta=Un certificado digital se corresponde, siendo precisos, con:,respuesta=resp_b,correcta=resp_c,puntos=-0.3,icon=fa fa-times-circle rojo;pregunta=El Esquema Nacional de Interoperabilidad viene regulado en:,respuesta=resp_c,correcta=resp_d,puntos=-0.3,icon=fa fa-times-circle rojo;', 'firmado', '2015-04-10 12:40:52', 2, 4, 4, 'DN0O-AGOF-4OTE-GFG1-4286-6966-0102', '', 1, 3, '0000-00-00 00:00:00', '0000-00-00 00:00:00'),
(9, 1.70, 'pregunta=¿En qué contexto puede encontrar el Número de Referencia Completo (NRC)?,respuesta=resp_c,correcta=resp_d,puntos=-0.3,icon=fa fa-times-circle rojo;pregunta=Señale la afirmación FALSA con respecto a TLS/SSL...,respuesta=--,correcta=resp_a,puntos=0,icon=fa fa-minus-square;pregunta=Las administraciones públicas admiten sistemas de firma electrónica conforme a lo dispuesto por la LFE. ¿Cuáles de los siguientes son válidos?,respuesta=resp_d,correcta=resp_d,puntos=1,icon=fa fa-check-circle verde;pregunta=¿Es posible la supresión de la necesidad de aportar cualquier documento acreditativo en los procedimientos administrativos (SCSP)?,respuesta=--,correcta=resp_d,puntos=0,icon=fa fa-minus-square;pregunta=El uso por parte de la Administración de estándares abiertos así como, en su caso y de forma complementaria, de estándares que sean de uso generalizado por los ciudadanos, ¿es uno de los principios de la administración electrónica?,respuesta=--,correcta=resp_a,puntos=0,icon=fa fa-minus-square;pregunta=¿Cuáles de las siguientes enumeraciones incluye un elemento extraño?,respuesta=--,correcta=resp_d,puntos=0,icon=fa fa-minus-square;pregunta=¿Cuál es la Ley de Firma Electrónica?,respuesta=--,correcta=resp_a,puntos=0,icon=fa fa-minus-square;pregunta=Todos los datos de carácter personal recogidos deben cumplir...,respuesta=--,correcta=resp_d,puntos=0,icon=fa fa-minus-square;pregunta=¿Qué tipo de certificado permite identificar una cualidad, estado o situación?,respuesta=--,correcta=resp_c,puntos=0,icon=fa fa-minus-square;pregunta=La publicación de actos y comunicaciones en tablón de anuncios electrónico,...,respuesta=resp_b,correcta=resp_b,puntos=1,icon=fa fa-check-circle verde;', 'firmado', '2015-04-10 12:41:23', 2, 1, 7, 'CN0O-AGOF-4OTN-3LC1-4286-6969-6306', '', 1, 3, '0000-00-00 00:00:00', '0000-00-00 00:00:00'),
(10, 0.50, 'pregunta=La identificación mediante funcionario público...,respuesta=resp_b,correcta=resp_a,puntos=-0.3,icon=fa fa-times-circle rojo;pregunta=Con respecto a los subprotocolos de TLS/SSL:,respuesta=resp_c,correcta=resp_c,puntos=1,icon=fa fa-check-circle verde;pregunta=El Esquema Nacional de Interoperabilidad viene regulado en:,respuesta=--,correcta=resp_d,puntos=0,icon=fa fa-minus-square;pregunta=Un certificado digital se corresponde, siendo precisos, con:,respuesta=resp_c,correcta=resp_c,puntos=1,icon=fa fa-check-circle verde;pregunta=¿Cuál de las siguientes NO es una opción para la generación del recibo de firma de un documento firmado?,respuesta=resp_c,correcta=resp_d,puntos=-0.3,icon=fa fa-times-circle rojo;pregunta=El Esquema Nacional de Seguridad viene regulado en: ,respuesta=resp_b,correcta=resp_a,puntos=-0.3,icon=fa fa-times-circle rojo;pregunta=¿Cuál de las siguientes es una plataforma para el uso de certificados digitales de uso generalizado en la Administración Pública española?,respuesta=resp_c,correcta=resp_a,puntos=-0.3,icon=fa fa-times-circle rojo;pregunta=La Protección de Datos de Carácter Personal viene regulada en:,respuesta=--,correcta=resp_c,puntos=0,icon=fa fa-minus-square;pregunta="Aquella dirección electrónica disponible para los ciudadanos a través de redes de telecomunicaciones cuya titularidad, gestión y administración corresponde a una Administració Pública, órgano o entidad administrativa en el ejercicio de sus competencias".,respuesta=--,correcta=resp_c,puntos=0,icon=fa fa-minus-square;pregunta=La plataforma indicada en la pregunta anterior tiene un software que se ejecuta en cliente llamado Cliente de Firma. ¿Cuál es la afirmación FALSA?,respuesta=resp_d,correcta=resp_b,puntos=-0.3,icon=fa fa-times-circle rojo;', 'firmado', '2015-04-10 12:42:02', 2, 5, 3, 'AN0O-AGOF-4OTJ-3PC1-4286-6972-8525', '', 1, 4, '0000-00-00 00:00:00', '0000-00-00 00:00:00'),
(11, 0.00, 'pregunta=La definición "Información de cualquier naturaleza en forma electrónica, archivada en un soporte electrónico según un formato determinado y susceptible de identificación y tratamiento diferenciado" se corresponde con:,respuesta=resp_c,correcta=resp_a,puntos=-0.3,icon=fa fa-times-circle rojo;pregunta=Con respecto al formato CAdES-T.,respuesta=--,correcta=resp_c,puntos=0,icon=fa fa-minus-square;pregunta=Una infraestructura de clave pública es el conjunto de elementos hardware y software,...,respuesta=--,correcta=resp_b,puntos=0,icon=fa fa-minus-square;pregunta=La Administración Electrónica...,respuesta=--,correcta=resp_d,puntos=0,icon=fa fa-minus-square;pregunta=¿Qué formato de firma es el más apropiado para su entrega a usuarios?,respuesta=--,correcta=resp_c,puntos=0,icon=fa fa-minus-square;pregunta=La Protección de Datos de Carácter Personal viene regulada en:,respuesta=--,correcta=resp_c,puntos=0,icon=fa fa-minus-square;pregunta=¿Es posible la supresión de la necesidad de aportar cualquier documento acreditativo en los procedimientos administrativos (SCSP)?,respuesta=--,correcta=resp_d,puntos=0,icon=fa fa-minus-square;pregunta=Un certificado digital se corresponde, siendo precisos, con:,respuesta=--,correcta=resp_c,puntos=0,icon=fa fa-minus-square;pregunta=¿Qué ley determina el contexto de agentes y servicios que conforman el nuevo modelo de Administración al que se pretende llegar, y que como podemos deducir, y en materia de identidad digital, se asienta sobre la LFE?,respuesta=resp_a,correcta=resp_d,puntos=-0.3,icon=fa fa-times-circle rojo;pregunta=El Esquema Nacional de Seguridad viene regulado en: ,respuesta=resp_d,correcta=resp_a,puntos=-0.3,icon=fa fa-times-circle rojo;', 'firmado', '2015-04-10 12:43:20', 0, 3, 7, 'AN0O-AGOF-4OTW-6WH1-4286-6980-5195', '', 2, 1, '0000-00-00 00:00:00', '0000-00-00 00:00:00'),
(12, 0.10, 'pregunta=¿Qué instrumento se puede emplear para asegurar la validez de un documento impreso?,respuesta=resp_c,correcta=resp_b,puntos=-0.3,icon=fa fa-times-circle rojo;pregunta=El Registro General de Protección de Datos contiene:,respuesta=--,correcta=resp_b,puntos=0,icon=fa fa-minus-square;pregunta=El Esquema Nacional de Seguridad recoge:,respuesta=resp_b,correcta=resp_d,puntos=-0.3,icon=fa fa-times-circle rojo;pregunta=El Esquema Nacional de Interoperabilidad viene regulado en:,respuesta=--,correcta=resp_d,puntos=0,icon=fa fa-minus-square;pregunta=¿Cuál de las siguientes es una plataforma para el uso de certificados digitales de uso generalizado en la Administración Pública española?,respuesta=--,correcta=resp_a,puntos=0,icon=fa fa-minus-square;pregunta=La Administración Electrónica...,respuesta=--,correcta=resp_d,puntos=0,icon=fa fa-minus-square;pregunta=¿Qué tipo de certificado permite identificar una cualidad, estado o situación?,respuesta=resp_d,correcta=resp_c,puntos=-0.3,icon=fa fa-times-circle rojo;pregunta=La plataforma indicada en la pregunta anterior tiene un software que se ejecuta en cliente llamado Cliente de Firma. ¿Cuál es la afirmación FALSA?,respuesta=--,correcta=resp_b,puntos=0,icon=fa fa-minus-square;pregunta=Todos los datos de carácter personal recogidos deben cumplir...,respuesta=--,correcta=resp_d,puntos=0,icon=fa fa-minus-square;pregunta=Las administraciones públicas admiten sistemas de firma electrónica conforme a lo dispuesto por la LFE. ¿Cuáles de los siguientes son válidos?,respuesta=resp_d,correcta=resp_d,puntos=1,icon=fa fa-check-circle verde;', 'firmado', '2015-04-10 12:43:48', 1, 3, 6, 'GN0O-AGOF-4OTH-S461-4286-6983-4373', '', 2, 2, '0000-00-00 00:00:00', '0000-00-00 00:00:00'),
(13, 0.10, 'pregunta=¿Qué formato de firma es el más apropiado para su entrega a usuarios?,respuesta=resp_c,correcta=resp_c,puntos=1,icon=fa fa-check-circle verde;pregunta=¿Cuál de las siguientes es una plataforma para el uso de certificados digitales de uso generalizado en la Administración Pública española?,respuesta=resp_c,correcta=resp_a,puntos=-0.3,icon=fa fa-times-circle rojo;pregunta=El Esquema Nacional de Interoperabilidad viene regulado en:,respuesta=resp_c,correcta=resp_d,puntos=-0.3,icon=fa fa-times-circle rojo;pregunta=¿Qué formato de firma es el más apropiado para la firma longeva de los siguientes?,respuesta=--,correcta=resp_a,puntos=0,icon=fa fa-minus-square;pregunta=El uso por parte de la Administración de estándares abiertos así como, en su caso y de forma complementaria, de estándares que sean de uso generalizado por los ciudadanos, ¿es uno de los principios de la administración electrónica?,respuesta=--,correcta=resp_a,puntos=0,icon=fa fa-minus-square;pregunta=¿Qué tipo de certificado permite identificar una cualidad, estado o situación?,respuesta=--,correcta=resp_c,puntos=0,icon=fa fa-minus-square;pregunta=Un certificado digital se corresponde, siendo precisos, con:,respuesta=--,correcta=resp_c,puntos=0,icon=fa fa-minus-square;pregunta=Las administraciones públicas admiten sistemas de firma electrónica conforme a lo dispuesto por la LFE. ¿Cuáles de los siguientes son válidos?,respuesta=--,correcta=resp_d,puntos=0,icon=fa fa-minus-square;pregunta=El Esquema Nacional de Seguridad recoge:,respuesta=--,correcta=resp_d,puntos=0,icon=fa fa-minus-square;pregunta=El Esquema Nacional de Seguridad viene regulado en: ,respuesta=resp_c,correcta=resp_a,puntos=-0.3,icon=fa fa-times-circle rojo;', 'firmado', '2015-04-10 12:44:18', 1, 3, 6, 'KN0O-AGOF-4OTK-8CD1-4286-6986-9937', '', 2, 3, '0000-00-00 00:00:00', '0000-00-00 00:00:00'),
(14, 0.70, 'pregunta=¿Es posible la supresión de la necesidad de aportar cualquier documento acreditativo en los procedimientos administrativos (SCSP)?,respuesta=resp_c,correcta=resp_d,puntos=-0.3,icon=fa fa-times-circle rojo;pregunta=¿Qué significan los derechos ARCO?,respuesta=--,correcta=resp_a,puntos=0,icon=fa fa-minus-square;pregunta=¿Cuál es la Ley de Firma Electrónica?,respuesta=--,correcta=resp_a,puntos=0,icon=fa fa-minus-square;pregunta=¿Qué instrumento se puede emplear para asegurar la validez de un documento impreso?,respuesta=--,correcta=resp_b,puntos=0,icon=fa fa-minus-square;pregunta=¿Cómo se conoce a la firma múltiple en la que cada firma refrenda a la firma anterior?,respuesta=--,correcta=resp_c,puntos=0,icon=fa fa-minus-square;pregunta=La Protección de Datos de Carácter Personal viene regulada en:,respuesta=--,correcta=resp_c,puntos=0,icon=fa fa-minus-square;pregunta=La notificación electrónica se puede practicar mediante...,respuesta=--,correcta=resp_b,puntos=0,icon=fa fa-minus-square;pregunta=Con respecto a los subprotocolos de TLS/SSL:,respuesta=--,correcta=resp_c,puntos=0,icon=fa fa-minus-square;pregunta=Son características del Código Seguro de Verificación:,respuesta=--,correcta=resp_d,puntos=0,icon=fa fa-minus-square;pregunta=Con respecto al formato CAdES-T.,respuesta=resp_c,correcta=resp_c,puntos=1,icon=fa fa-check-circle verde;', 'firmado', '2015-04-10 12:44:48', 1, 1, 8, 'SN0O-AGOF-4OTB-REQ1-4286-6989-3269', '', 2, 4, '0000-00-00 00:00:00', '0000-00-00 00:00:00'),
(15, 0.70, 'pregunta=Un certificado digital se corresponde, siendo precisos, con:,respuesta=resp_c,correcta=resp_c,puntos=1,icon=fa fa-check-circle verde;pregunta=¿Cuál de las siguientes NO es una opción para la generación del recibo de firma de un documento firmado?,respuesta=--,correcta=resp_d,puntos=0,icon=fa fa-minus-square;pregunta=El Registro General de Protección de Datos contiene:,respuesta=--,correcta=resp_b,puntos=0,icon=fa fa-minus-square;pregunta=La Administración Electrónica...,respuesta=--,correcta=resp_d,puntos=0,icon=fa fa-minus-square;pregunta=SL proporciona...,respuesta=--,correcta=resp_c,puntos=0,icon=fa fa-minus-square;pregunta=Todos los datos de carácter personal recogidos deben cumplir...,respuesta=--,correcta=resp_d,puntos=0,icon=fa fa-minus-square;pregunta=¿Qué ley determina el contexto de agentes y servicios que conforman el nuevo modelo de Administración al que se pretende llegar, y que como podemos deducir, y en materia de identidad digital, se asienta sobre la LFE?,respuesta=--,correcta=resp_d,puntos=0,icon=fa fa-minus-square;pregunta=Señale la afirmación FALSA con respecto a TLS/SSL...,respuesta=--,correcta=resp_a,puntos=0,icon=fa fa-minus-square;pregunta=El Esquema Nacional de Seguridad viene regulado en: ,respuesta=--,correcta=resp_a,puntos=0,icon=fa fa-minus-square;pregunta=El DNI electrónico viene regulado por.,respuesta=resp_b,correcta=resp_d,puntos=-0.3,icon=fa fa-times-circle rojo;', 'firmado', '2015-04-10 12:45:26', 1, 1, 8, 'QN0O-AGOF-4OTE-HG21-4286-6993-1555', '', 3, 1, '0000-00-00 00:00:00', '0000-00-00 00:00:00'),
(16, 0.70, 'pregunta=La notificación electrónica se puede practicar mediante...,respuesta=resp_c,correcta=resp_b,puntos=-0.3,icon=fa fa-times-circle rojo;pregunta=¿Es posible la supresión de la necesidad de aportar cualquier documento acreditativo en los procedimientos administrativos (SCSP)?,respuesta=--,correcta=resp_d,puntos=0,icon=fa fa-minus-square;pregunta=¿Qué instrumento se puede emplear para asegurar la validez de un documento impreso?,respuesta=--,correcta=resp_b,puntos=0,icon=fa fa-minus-square;pregunta=La Administración Electrónica...,respuesta=--,correcta=resp_d,puntos=0,icon=fa fa-minus-square;pregunta=¿Qué formato de firma es el más apropiado para la firma longeva de los siguientes?,respuesta=--,correcta=resp_a,puntos=0,icon=fa fa-minus-square;pregunta=Todos los datos de carácter personal recogidos deben cumplir...,respuesta=--,correcta=resp_d,puntos=0,icon=fa fa-minus-square;pregunta=La publicación de actos y comunicaciones en tablón de anuncios electrónico,...,respuesta=--,correcta=resp_b,puntos=0,icon=fa fa-minus-square;pregunta=La identificación mediante funcionario público...,respuesta=--,correcta=resp_a,puntos=0,icon=fa fa-minus-square;pregunta=El uso por parte de la Administración de estándares abiertos así como, en su caso y de forma complementaria, de estándares que sean de uso generalizado por los ciudadanos, ¿es uno de los principios de la administración electrónica?,respuesta=--,correcta=resp_a,puntos=0,icon=fa fa-minus-square;pregunta=La plataforma indicada en la pregunta anterior tiene un software que se ejecuta en cliente llamado Cliente de Firma. ¿Cuál es la afirmación FALSA?,respuesta=resp_b,correcta=resp_b,puntos=1,icon=fa fa-check-circle verde;', 'firmado', '2015-04-10 12:45:47', 1, 1, 8, 'BN0O-AGOF-4OTG-7JM1-4286-6995-2521', '', 3, 2, '0000-00-00 00:00:00', '0000-00-00 00:00:00'),
(17, 3.00, 'pregunta=¿Qué instrumento se puede emplear para asegurar la validez de un documento impreso?,respuesta=resp_b,correcta=resp_b,puntos=1,icon=fa fa-check-circle verde;pregunta=¿En qué contexto puede encontrar el Número de Referencia Completo (NRC)?,respuesta=--,correcta=resp_d,puntos=0,icon=fa fa-minus-square;pregunta=¿Qué formato de firma es el más apropiado para la firma longeva de los siguientes?,respuesta=--,correcta=resp_a,puntos=0,icon=fa fa-minus-square;pregunta=Una "actuación administrativa producida por un sistema de información adecuadamente programado sin necesidad de intervención de una persona física en cada caso singular" se denomina, según la LAECSP:,respuesta=--,correcta=resp_a,puntos=0,icon=fa fa-minus-square;pregunta=¿Cuál de las siguientes es una plataforma para el uso de certificados digitales de uso generalizado en la Administración Pública española?,respuesta=--,correcta=resp_a,puntos=0,icon=fa fa-minus-square;pregunta=La identificación mediante funcionario público...,respuesta=resp_a,correcta=resp_a,puntos=1,icon=fa fa-check-circle verde;pregunta=¿Qué formato de firma es el más apropiado para su entrega a usuarios?,respuesta=--,correcta=resp_c,puntos=0,icon=fa fa-minus-square;pregunta=¿Cuáles de las siguientes enumeraciones incluye un elemento extraño?,respuesta=--,correcta=resp_d,puntos=0,icon=fa fa-minus-square;pregunta=El Esquema Nacional de Seguridad viene regulado en: ,respuesta=--,correcta=resp_a,puntos=0,icon=fa fa-minus-square;pregunta=¿Cómo se conoce a la firma múltiple en la que cada firma refrenda a la firma anterior?,respuesta=resp_c,correcta=resp_c,puntos=1,icon=fa fa-check-circle verde;', 'firmado', '2015-04-10 12:46:08', 3, 0, 7, 'QN0O-AGOF-4OTA-9XE1-4286-6997-6591', '', 3, 3, '0000-00-00 00:00:00', '0000-00-00 00:00:00'),
(18, 1.40, 'pregunta=El DNI electrónico viene regulado por.,respuesta=resp_c,correcta=resp_d,puntos=-0.3,icon=fa fa-times-circle rojo;pregunta=La publicación de actos y comunicaciones en tablón de anuncios electrónico,...,respuesta=resp_c,correcta=resp_b,puntos=-0.3,icon=fa fa-times-circle rojo;pregunta=¿Qué significan los derechos ARCO?,respuesta=--,correcta=resp_a,puntos=0,icon=fa fa-minus-square;pregunta=Son características del Código Seguro de Verificación:,respuesta=--,correcta=resp_d,puntos=0,icon=fa fa-minus-square;pregunta=¿En qué contexto puede encontrar el Número de Referencia Completo (NRC)?,respuesta=--,correcta=resp_d,puntos=0,icon=fa fa-minus-square;pregunta=Con respecto al formato CAdES-T.,respuesta=--,correcta=resp_c,puntos=0,icon=fa fa-minus-square;pregunta=¿Qué instrumento se puede emplear para asegurar la validez de un documento impreso?,respuesta=resp_b,correcta=resp_b,puntos=1,icon=fa fa-check-circle verde;pregunta=El Esquema Nacional de Seguridad recoge:,respuesta=--,correcta=resp_d,puntos=0,icon=fa fa-minus-square;pregunta=La notificación electrónica se puede practicar mediante...,respuesta=--,correcta=resp_b,puntos=0,icon=fa fa-minus-square;pregunta=La Administración Electrónica...,respuesta=resp_d,correcta=resp_d,puntos=1,icon=fa fa-check-circle verde;', 'firmado', '2015-04-10 12:46:57', 2, 2, 6, 'PN0O-AGOF-4OTD-N6W1-4286-7002-2146', '', 4, 1, '0000-00-00 00:00:00', '0000-00-00 00:00:00'),
(19, 0.40, 'pregunta=El Esquema Nacional de Seguridad viene regulado en: ,respuesta=resp_b,correcta=resp_a,puntos=-0.3,icon=fa fa-times-circle rojo;pregunta=La Protección de Datos de Carácter Personal viene regulada en:,respuesta=--,correcta=resp_c,puntos=0,icon=fa fa-minus-square;pregunta=Una infraestructura de clave pública es el conjunto de elementos hardware y software,...,respuesta=--,correcta=resp_b,puntos=0,icon=fa fa-minus-square;pregunta=Son características del Código Seguro de Verificación:,respuesta=--,correcta=resp_d,puntos=0,icon=fa fa-minus-square;pregunta=La publicación de actos y comunicaciones en tablón de anuncios electrónico,...,respuesta=--,correcta=resp_b,puntos=0,icon=fa fa-minus-square;pregunta=La notificación electrónica se puede practicar mediante...,respuesta=resp_a,correcta=resp_b,puntos=-0.3,icon=fa fa-times-circle rojo;pregunta=Las Dimensiones de Seguridad recogidas en el ENS son:,respuesta=--,correcta=resp_a,puntos=0,icon=fa fa-minus-square;pregunta=¿Qué formato de firma es el más apropiado para la firma longeva de los siguientes?,respuesta=--,correcta=resp_a,puntos=0,icon=fa fa-minus-square;pregunta=El Esquema Nacional de Seguridad recoge:,respuesta=--,correcta=resp_d,puntos=0,icon=fa fa-minus-square;pregunta=Todos los datos de carácter personal recogidos deben cumplir...,respuesta=resp_d,correcta=resp_d,puntos=1,icon=fa fa-check-circle verde;', 'firmado', '2015-04-10 12:47:18', 1, 2, 7, 'MN0O-AGOF-4OTT-G901-4286-7004-4147', '', 4, 2, '0000-00-00 00:00:00', '0000-00-00 00:00:00'),
(20, 0.70, 'pregunta=Todos los datos de carácter personal recogidos deben cumplir...,respuesta=resp_d,correcta=resp_d,puntos=1,icon=fa fa-check-circle verde;pregunta=¿Qué instrumento se puede emplear para asegurar la validez de un documento impreso?,respuesta=--,correcta=resp_b,puntos=0,icon=fa fa-minus-square;pregunta=La definición "Información de cualquier naturaleza en forma electrónica, archivada en un soporte electrónico según un formato determinado y susceptible de identificación y tratamiento diferenciado" se corresponde con:,respuesta=--,correcta=resp_a,puntos=0,icon=fa fa-minus-square;pregunta=¿En qué contexto puede encontrar el Número de Referencia Completo (NRC)?,respuesta=--,correcta=resp_d,puntos=0,icon=fa fa-minus-square;pregunta=Una infraestructura de clave pública es el conjunto de elementos hardware y software,...,respuesta=--,correcta=resp_b,puntos=0,icon=fa fa-minus-square;pregunta=El Registro General de Protección de Datos contiene:,respuesta=--,correcta=resp_b,puntos=0,icon=fa fa-minus-square;pregunta=La publicación de actos y comunicaciones en tablón de anuncios electrónico,...,respuesta=--,correcta=resp_b,puntos=0,icon=fa fa-minus-square;pregunta=¿Es posible la supresión de la necesidad de aportar cualquier documento acreditativo en los procedimientos administrativos (SCSP)?,respuesta=--,correcta=resp_d,puntos=0,icon=fa fa-minus-square;pregunta=¿Qué significan los derechos ARCO?,respuesta=--,correcta=resp_a,puntos=0,icon=fa fa-minus-square;pregunta=La plataforma indicada en la pregunta anterior tiene un software que se ejecuta en cliente llamado Cliente de Firma. ¿Cuál es la afirmación FALSA?,respuesta=resp_c,correcta=resp_b,puntos=-0.3,icon=fa fa-times-circle rojo;', 'firmado', '2015-04-10 12:47:53', 1, 1, 8, 'RN0O-AGOF-4OTQ-N0B1-4286-7007-8086', '', 4, 3, '0000-00-00 00:00:00', '0000-00-00 00:00:00'),
(21, 0.40, 'pregunta=Las Dimensiones de Seguridad recogidas en el ENS son:,respuesta=resp_d,correcta=resp_a,puntos=-0.3,icon=fa fa-times-circle rojo;pregunta=El uso por parte de la Administración de estándares abiertos así como, en su caso y de forma complementaria, de estándares que sean de uso generalizado por los ciudadanos, ¿es uno de los principios de la administración electrónica?,respuesta=--,correcta=resp_a,puntos=0,icon=fa fa-minus-square;pregunta=La identificación mediante funcionario público...,respuesta=--,correcta=resp_a,puntos=0,icon=fa fa-minus-square;pregunta=Son características del Código Seguro de Verificación:,respuesta=--,correcta=resp_d,puntos=0,icon=fa fa-minus-square;pregunta=¿Quién mantiene actualizada la CRL?,respuesta=--,correcta=resp_a,puntos=0,icon=fa fa-minus-square;pregunta=Con respecto a los subprotocolos de TLS/SSL:,respuesta=--,correcta=resp_c,puntos=0,icon=fa fa-minus-square;pregunta=¿Qué tipo de certificado permite identificar una cualidad, estado o situación?,respuesta=resp_c,correcta=resp_c,puntos=1,icon=fa fa-check-circle verde;pregunta=¿Qué formato de firma es el más apropiado para su entrega a usuarios?,respuesta=--,correcta=resp_c,puntos=0,icon=fa fa-minus-square;pregunta=El Esquema Nacional de Interoperabilidad viene regulado en:,respuesta=--,correcta=resp_d,puntos=0,icon=fa fa-minus-square;pregunta=¿Qué formato de firma es el más apropiado para la firma longeva de los siguientes?,respuesta=resp_c,correcta=resp_a,puntos=-0.3,icon=fa fa-times-circle rojo;', 'firmado', '2015-04-10 12:48:18', 1, 2, 7, 'MN0O-AGOF-4OTK-1YC1-4286-7010-4726', '', 4, 4, '0000-00-00 00:00:00', '0000-00-00 00:00:00'),
(22, 0.00, 'pregunta=Señale la afirmación FALSA con respecto a TLS/SSL...,respuesta=--,correcta=resp_a,puntos=0,icon=fa fa-minus-square;pregunta=La plataforma indicada en la pregunta anterior tiene un software que se ejecuta en cliente llamado Cliente de Firma. ¿Cuál es la afirmación FALSA?,respuesta=--,correcta=resp_b,puntos=0,icon=fa fa-minus-square;pregunta=¿Quién mantiene actualizada la CRL?,respuesta=--,correcta=resp_a,puntos=0,icon=fa fa-minus-square;pregunta=¿Qué instrumento se puede emplear para asegurar la validez de un documento impreso?,respuesta=--,correcta=resp_b,puntos=0,icon=fa fa-minus-square;pregunta=El Esquema Nacional de Interoperabilidad viene regulado en:,respuesta=--,correcta=resp_d,puntos=0,icon=fa fa-minus-square;pregunta=¿Cuál de las siguientes es una plataforma para el uso de certificados digitales de uso generalizado en la Administración Pública española?,respuesta=--,correcta=resp_a,puntos=0,icon=fa fa-minus-square;pregunta=Una "actuación administrativa producida por un sistema de información adecuadamente programado sin necesidad de intervención de una persona física en cada caso singular" se denomina, según la LAECSP:,respuesta=--,correcta=resp_a,puntos=0,icon=fa fa-minus-square;pregunta=La publicación de actos y comunicaciones en tablón de anuncios electrónico,...,respuesta=--,correcta=resp_b,puntos=0,icon=fa fa-minus-square;pregunta=Con respecto a los subprotocolos de TLS/SSL:,respuesta=--,correcta=resp_c,puntos=0,icon=fa fa-minus-square;pregunta=¿Cuáles de las siguientes enumeraciones incluye un elemento extraño?,respuesta=--,correcta=resp_d,puntos=0,icon=fa fa-minus-square;', 'firmado', '2015-04-10 12:48:53', 0, 0, 10, 'ZN0O-AGOF-4OTD-Y551-4286-7013-7783', '', 4, 3, '0000-00-00 00:00:00', '0000-00-00 00:00:00'),
(23, 10.00, 'pregunta=¿Qué tipo de certificado permite identificar una cualidad, estado o situación?,respuesta=resp_c,correcta=resp_c,puntos=1,icon=fa fa-check-circle verde;pregunta=El uso por parte de la Administración de estándares abiertos así como, en su caso y de forma complementaria, de estándares que sean de uso generalizado por los ciudadanos, ¿es uno de los principios de la administración electrónica?,respuesta=resp_a,correcta=resp_a,puntos=1,icon=fa fa-check-circle verde;pregunta=La definición "Información de cualquier naturaleza en forma electrónica, archivada en un soporte electrónico según un formato determinado y susceptible de identificación y tratamiento diferenciado" se corresponde con:,respuesta=resp_a,correcta=resp_a,puntos=1,icon=fa fa-check-circle verde;pregunta=La Administración Electrónica...,respuesta=resp_d,correcta=resp_d,puntos=1,icon=fa fa-check-circle verde;pregunta=Las Dimensiones de Seguridad recogidas en el ENS son:,respuesta=resp_a,correcta=resp_a,puntos=1,icon=fa fa-check-circle verde;pregunta=¿Quién mantiene actualizada la CRL?,respuesta=resp_a,correcta=resp_a,puntos=1,icon=fa fa-check-circle verde;pregunta=La identificación mediante funcionario público...,respuesta=resp_a,correcta=resp_a,puntos=1,icon=fa fa-check-circle verde;pregunta=¿Qué formato de firma es el más apropiado para su entrega a usuarios?,respuesta=resp_c,correcta=resp_c,puntos=1,icon=fa fa-check-circle verde;pregunta=SL proporciona...,respuesta=resp_c,correcta=resp_c,puntos=1,icon=fa fa-check-circle verde;pregunta=El Esquema Nacional de Seguridad recoge:,respuesta=resp_d,correcta=resp_d,puntos=1,icon=fa fa-check-circle verde;', 'firmado', '2015-04-10 12:54:29', 10, 0, 0, 'HN0O-AGOF-4OTE-9PZ1-4286-7047-5160', '54223707B_AE2015.pdf', 1, 1, '0000-00-00 00:00:00', '0000-00-00 00:00:00'),
(24, 7.00, 'pregunta=¿Cómo se conoce a la firma múltiple en la que cada firma refrenda a la firma anterior?,respuesta=resp_c,correcta=resp_c,puntos=1,icon=fa fa-check-circle verde;pregunta=La notificación electrónica se puede practicar mediante...,respuesta=resp_b,correcta=resp_b,puntos=1,icon=fa fa-check-circle verde;pregunta=Señale la afirmación FALSA con respecto a TLS/SSL...,respuesta=resp_a,correcta=resp_a,puntos=1,icon=fa fa-check-circle verde;pregunta=¿En qué contexto puede encontrar el Número de Referencia Completo (NRC)?,respuesta=resp_d,correcta=resp_d,puntos=1,icon=fa fa-check-circle verde;pregunta=¿Qué significan los derechos ARCO?,respuesta=resp_a,correcta=resp_a,puntos=1,icon=fa fa-check-circle verde;pregunta=¿Qué ley determina el contexto de agentes y servicios que conforman el nuevo modelo de Administración al que se pretende llegar, y que como podemos deducir, y en materia de identidad digital, se asienta sobre la LFE?,respuesta=resp_d,correcta=resp_d,puntos=1,icon=fa fa-check-circle verde;pregunta=Son características del Código Seguro de Verificación:,respuesta=resp_d,correcta=resp_d,puntos=1,icon=fa fa-check-circle verde;pregunta=Con respecto a los subprotocolos de TLS/SSL:,respuesta=--,correcta=resp_c,puntos=0,icon=fa fa-minus-square;pregunta=Las administraciones públicas admiten sistemas de firma electrónica conforme a lo dispuesto por la LFE. ¿Cuáles de los siguientes son válidos?,respuesta=--,correcta=resp_d,puntos=0,icon=fa fa-minus-square;pregunta=La Administración Electrónica...,respuesta=--,correcta=resp_d,puntos=0,icon=fa fa-minus-square;', 'firmado', '2015-04-10 12:58:15', 7, 0, 3, 'LN0O-AGOF-4OTP-J5G1-4286-7070-1731', '54223707B_CA2015.pdf', 1, 4, '0000-00-00 00:00:00', '0000-00-00 00:00:00'),
(25, 5.00, 'pregunta=La publicación de actos y comunicaciones en tablón de anuncios electrónico,...,respuesta=resp_b,correcta=resp_b,puntos=1,icon=fa fa-check-circle verde;pregunta=La notificación electrónica se puede practicar mediante...,respuesta=resp_b,correcta=resp_b,puntos=1,icon=fa fa-check-circle verde;pregunta=Con respecto al formato CAdES-T.,respuesta=resp_c,correcta=resp_c,puntos=1,icon=fa fa-check-circle verde;pregunta=Todos los datos de carácter personal recogidos deben cumplir...,respuesta=resp_d,correcta=resp_d,puntos=1,icon=fa fa-check-circle verde;pregunta=Son características del Código Seguro de Verificación:,respuesta=resp_d,correcta=resp_d,puntos=1,icon=fa fa-check-circle verde;pregunta=¿Quién mantiene actualizada la CRL?,respuesta=--,correcta=resp_a,puntos=0,icon=fa fa-minus-square;pregunta=Las Dimensiones de Seguridad recogidas en el ENS son:,respuesta=--,correcta=resp_a,puntos=0,icon=fa fa-minus-square;pregunta=¿Qué ley determina el contexto de agentes y servicios que conforman el nuevo modelo de Administración al que se pretende llegar, y que como podemos deducir, y en materia de identidad digital, se asienta sobre la LFE?,respuesta=--,correcta=resp_d,puntos=0,icon=fa fa-minus-square;pregunta=SL proporciona...,respuesta=--,correcta=resp_c,puntos=0,icon=fa fa-minus-square;pregunta="Aquella dirección electrónica disponible para los ciudadanos a través de redes de telecomunicaciones cuya titularidad, gestión y administración corresponde a una Administració Pública, órgano o entidad administrativa en el ejercicio de sus competencias".,respuesta=--,correcta=resp_c,puntos=0,icon=fa fa-minus-square;', 'firmado', '2015-04-10 14:21:36', 5, 0, 5, 'CN0O-AGOF-4OTP-5WE1-4286-7570-8113', '54223707B_DB2015.pdf', 1, 2, '0000-00-00 00:00:00', '0000-00-00 00:00:00'),
(26, 6.00, 'pregunta=Con respecto al formato CAdES-T.,respuesta=resp_c,correcta=resp_c,puntos=1,icon=fa fa-check-circle verde;pregunta=La definición "Información de cualquier naturaleza en forma electrónica, archivada en un soporte electrónico según un formato determinado y susceptible de identificación y tratamiento diferenciado" se corresponde con:,respuesta=resp_a,correcta=resp_a,puntos=1,icon=fa fa-check-circle verde;pregunta=La Protección de Datos de Carácter Personal viene regulada en:,respuesta=resp_c,correcta=resp_c,puntos=1,icon=fa fa-check-circle verde;pregunta="Aquella dirección electrónica disponible para los ciudadanos a través de redes de telecomunicaciones cuya titularidad, gestión y administración corresponde a una Administració Pública, órgano o entidad administrativa en el ejercicio de sus competencias".,respuesta=resp_c,correcta=resp_c,puntos=1,icon=fa fa-check-circle verde;pregunta=Con respecto a los subprotocolos de TLS/SSL:,respuesta=resp_c,correcta=resp_c,puntos=1,icon=fa fa-check-circle verde;pregunta=Una "actuación administrativa producida por un sistema de información adecuadamente programado sin necesidad de intervención de una persona física en cada caso singular" se denomina, según la LAECSP:,respuesta=resp_a,correcta=resp_a,puntos=1,icon=fa fa-check-circle verde;pregunta=¿Cuáles de las siguientes enumeraciones incluye un elemento extraño?,respuesta=--,correcta=resp_d,puntos=0,icon=fa fa-minus-square;pregunta=¿Qué ley determina el contexto de agentes y servicios que conforman el nuevo modelo de Administración al que se pretende llegar, y que como podemos deducir, y en materia de identidad digital, se asienta sobre la LFE?,respuesta=--,correcta=resp_d,puntos=0,icon=fa fa-minus-square;pregunta=¿Qué formato de firma es el más apropiado para la firma longeva de los siguientes?,respuesta=--,correcta=resp_a,puntos=0,icon=fa fa-minus-square;pregunta=¿En qué contexto puede encontrar el Número de Referencia Completo (NRC)?,respuesta=--,correcta=resp_d,puntos=0,icon=fa fa-minus-square;', 'firmado', '2015-04-10 14:27:04', 6, 0, 4, 'JN0O-AGOF-4OTH-RSA1-4286-7603-4767', '12345678W_AE2015.pdf', 2, 1, '0000-00-00 00:00:00', '0000-00-00 00:00:00'),
(27, 5.00, 'pregunta=¿Qué significan los derechos ARCO?,respuesta=resp_a,correcta=resp_a,puntos=1,icon=fa fa-check-circle verde;pregunta=¿Qué ley determina el contexto de agentes y servicios que conforman el nuevo modelo de Administración al que se pretende llegar, y que como podemos deducir, y en materia de identidad digital, se asienta sobre la LFE?,respuesta=resp_d,correcta=resp_d,puntos=1,icon=fa fa-check-circle verde;pregunta=Un certificado digital se corresponde, siendo precisos, con:,respuesta=resp_c,correcta=resp_c,puntos=1,icon=fa fa-check-circle verde;pregunta=¿Qué formato de firma es el más apropiado para la firma longeva de los siguientes?,respuesta=resp_a,correcta=resp_a,puntos=1,icon=fa fa-check-circle verde;pregunta=Son características del Código Seguro de Verificación:,respuesta=resp_d,correcta=resp_d,puntos=1,icon=fa fa-check-circle verde;pregunta=Las administraciones públicas admiten sistemas de firma electrónica conforme a lo dispuesto por la LFE. ¿Cuáles de los siguientes son válidos?,respuesta=--,correcta=resp_d,puntos=0,icon=fa fa-minus-square;pregunta=El DNI electrónico viene regulado por.,respuesta=--,correcta=resp_d,puntos=0,icon=fa fa-minus-square;pregunta=¿Cómo se conoce a la firma múltiple en la que cada firma refrenda a la firma anterior?,respuesta=--,correcta=resp_c,puntos=0,icon=fa fa-minus-square;pregunta=La definición "Información de cualquier naturaleza en forma electrónica, archivada en un soporte electrónico según un formato determinado y susceptible de identificación y tratamiento diferenciado" se corresponde con:,respuesta=--,correcta=resp_a,puntos=0,icon=fa fa-minus-square;pregunta=La notificación electrónica se puede practicar mediante...,respuesta=--,correcta=resp_b,puntos=0,icon=fa fa-minus-square;', 'firmado', '2015-04-10 14:29:47', 5, 0, 5, 'WN0O-AGOF-4OTN-W5C1-4286-7621-1039', '12345678W_DB2015.pdf', 2, 2, '0000-00-00 00:00:00', '0000-00-00 00:00:00');
INSERT INTO `usuarios_examenes` (`id`, `nota`, `resultado`, `estado`, `fecha`, `correctas`, `incorrectas`, `sin_responder`, `id_firma`, `diploma`, `usuario_id`, `examen_id`, `created_at`, `updated_at`) VALUES
(28, 0.00, 'pregunta=Con respecto al formato CAdES-T.,respuesta=resp_a,correcta=resp_c,puntos=-0.3,icon=fa fa-times-circle rojo;pregunta=El uso por parte de la Administración de estándares abiertos así como, en su caso y de forma complementaria, de estándares que sean de uso generalizado por los ciudadanos, ¿es uno de los principios de la administración electrónica?,respuesta=resp_c,correcta=resp_a,puntos=-0.3,icon=fa fa-times-circle rojo;pregunta=Señale la afirmación FALSA con respecto a TLS/SSL...,respuesta=resp_b,correcta=resp_a,puntos=-0.3,icon=fa fa-times-circle rojo;pregunta=La definición "Información de cualquier naturaleza en forma electrónica, archivada en un soporte electrónico según un formato determinado y susceptible de identificación y tratamiento diferenciado" se corresponde con:,respuesta=resp_b,correcta=resp_a,puntos=-0.3,icon=fa fa-times-circle rojo;pregunta=Todos los datos de carácter personal recogidos deben cumplir...,respuesta=resp_c,correcta=resp_d,puntos=-0.3,icon=fa fa-times-circle rojo;pregunta=Con respecto a los subprotocolos de TLS/SSL:,respuesta=resp_c,correcta=resp_c,puntos=1,icon=fa fa-check-circle verde;pregunta=¿Qué instrumento se puede emplear para asegurar la validez de un documento impreso?,respuesta=--,correcta=resp_b,puntos=0,icon=fa fa-minus-square;pregunta=¿Qué significan los derechos ARCO?,respuesta=--,correcta=resp_a,puntos=0,icon=fa fa-minus-square;pregunta="Aquella dirección electrónica disponible para los ciudadanos a través de redes de telecomunicaciones cuya titularidad, gestión y administración corresponde a una Administració Pública, órgano o entidad administrativa en el ejercicio de sus competencias".,respuesta=--,correcta=resp_c,puntos=0,icon=fa fa-minus-square;pregunta=La Administración Electrónica...,respuesta=--,correcta=resp_d,puntos=0,icon=fa fa-minus-square;', 'firmado', '2015-04-17 17:23:53', 1, 5, 4, 'GN0O-AGOF-4OTA-3MZ1-4292-9144-1979', '', 1, 1, '0000-00-00 00:00:00', '0000-00-00 00:00:00'),
(29, 0.00, 'pregunta=Una "actuación administrativa producida por un sistema de información adecuadamente programado sin necesidad de intervención de una persona física en cada caso singular" se denomina, según la LAECSP:,respuesta=--,correcta=resp_a,puntos=0,icon=fa fa-minus-square;pregunta=¿Es posible la supresión de la necesidad de aportar cualquier documento acreditativo en los procedimientos administrativos (SCSP)?,respuesta=--,correcta=resp_d,puntos=0,icon=fa fa-minus-square;pregunta=El DNI electrónico viene regulado por.,respuesta=--,correcta=resp_d,puntos=0,icon=fa fa-minus-square;pregunta=Las administraciones públicas admiten sistemas de firma electrónica conforme a lo dispuesto por la LFE. ¿Cuáles de los siguientes son válidos?,respuesta=--,correcta=resp_d,puntos=0,icon=fa fa-minus-square;pregunta=¿Cuál es la Ley de Firma Electrónica?,respuesta=--,correcta=resp_a,puntos=0,icon=fa fa-minus-square;pregunta=¿Cuál de los siguientes formatos utilizaría para firma longeva?,respuesta=--,correcta=resp_b,puntos=0,icon=fa fa-minus-square;pregunta=¿Cuál de las siguientes es una plataforma para el uso de certificados digitales de uso generalizado en la Administración Pública española?,respuesta=--,correcta=resp_a,puntos=0,icon=fa fa-minus-square;pregunta=¿Cuáles de las siguientes enumeraciones incluye un elemento extraño?,respuesta=--,correcta=resp_d,puntos=0,icon=fa fa-minus-square;pregunta=La identificación mediante funcionario público...,respuesta=--,correcta=resp_a,puntos=0,icon=fa fa-minus-square;pregunta=Son características del Código Seguro de Verificación:,respuesta=--,correcta=resp_d,puntos=0,icon=fa fa-minus-square;', 'firmado', '2015-04-17 17:29:23', 0, 0, 10, 'NN0O-AGOF-4OTW-CWH1-4292-9176-7523', '', 1, 2, '0000-00-00 00:00:00', '0000-00-00 00:00:00'),
(30, 6.00, 'pregunta=El uso por parte de la Administración de estándares abiertos así como, en su caso y de forma complementaria, de estándares que sean de uso generalizado por los ciudadanos, ¿es uno de los principios de la administración electrónica?,respuesta=resp_a,correcta=resp_a,puntos=1,icon=fa fa-check-circle verde;pregunta=¿Cómo se conoce a la firma múltiple en la que cada firma refrenda a la firma anterior?,respuesta=--,correcta=resp_c,puntos=0,icon=fa fa-minus-square;pregunta=Las administraciones públicas admiten sistemas de firma electrónica conforme a lo dispuesto por la LFE. ¿Cuáles de los siguientes son válidos?,respuesta=resp_d,correcta=resp_d,puntos=1,icon=fa fa-check-circle verde;pregunta=El Esquema Nacional de Seguridad viene regulado en: ,respuesta=--,correcta=resp_a,puntos=0,icon=fa fa-minus-square;pregunta=¿Cuál es la Ley de Firma Electrónica?,respuesta=resp_a,correcta=resp_a,puntos=1,icon=fa fa-check-circle verde;pregunta=Con respecto al formato CAdES-T.,respuesta=resp_c,correcta=resp_c,puntos=1,icon=fa fa-check-circle verde;pregunta=Son características del Código Seguro de Verificación:,respuesta=--,correcta=resp_d,puntos=0,icon=fa fa-minus-square;pregunta=La definición "Información de cualquier naturaleza en forma electrónica, archivada en un soporte electrónico según un formato determinado y susceptible de identificación y tratamiento diferenciado" se corresponde con:,respuesta=--,correcta=resp_a,puntos=0,icon=fa fa-minus-square;pregunta=¿Qué tipo de certificado permite identificar una cualidad, estado o situación?,respuesta=resp_c,correcta=resp_c,puntos=1,icon=fa fa-check-circle verde;pregunta=¿Qué formato de firma es el más apropiado para la firma longeva de los siguientes?,respuesta=resp_a,correcta=resp_a,puntos=1,icon=fa fa-check-circle verde;', 'realizado', '2015-06-02 11:15:30', 6, 0, 4, '', '', 2, 1, '0000-00-00 00:00:00', '0000-00-00 00:00:00');

--
-- Índices para tablas volcadas
--

--
-- Indices de la tabla `alumnos_matriculados_examenes`
--
ALTER TABLE `alumnos_matriculados_examenes`
 ADD PRIMARY KEY (`id`), ADD KEY `alumnos_matriculados_examenes_usuario_id_foreign` (`usuario_id`), ADD KEY `alumnos_matriculados_examenes_examen_id_foreign` (`examen_id`);

--
-- Indices de la tabla `examenes`
--
ALTER TABLE `examenes`
 ADD PRIMARY KEY (`id`), ADD UNIQUE KEY `examenes_codigo_unique` (`codigo`);

--
-- Indices de la tabla `password_resets`
--
ALTER TABLE `password_resets`
 ADD KEY `password_resets_email_index` (`email`), ADD KEY `password_resets_token_index` (`token`);

--
-- Indices de la tabla `preguntas`
--
ALTER TABLE `preguntas`
 ADD PRIMARY KEY (`id`), ADD KEY `preguntas_examen_id_foreign` (`examen_id`);

--
-- Indices de la tabla `usuarios`
--
ALTER TABLE `usuarios`
 ADD PRIMARY KEY (`id`), ADD UNIQUE KEY `usuarios_dni_unique` (`dni`);

--
-- Indices de la tabla `usuarios_examenes`
--
ALTER TABLE `usuarios_examenes`
 ADD PRIMARY KEY (`id`), ADD KEY `usuarios_examenes_usuario_id_foreign` (`usuario_id`), ADD KEY `usuarios_examenes_examen_id_foreign` (`examen_id`);

--
-- AUTO_INCREMENT de las tablas volcadas
--

--
-- AUTO_INCREMENT de la tabla `alumnos_matriculados_examenes`
--
ALTER TABLE `alumnos_matriculados_examenes`
MODIFY `id` int(10) unsigned NOT NULL AUTO_INCREMENT,AUTO_INCREMENT=31;
--
-- AUTO_INCREMENT de la tabla `examenes`
--
ALTER TABLE `examenes`
MODIFY `id` int(10) unsigned NOT NULL AUTO_INCREMENT,AUTO_INCREMENT=7;
--
-- AUTO_INCREMENT de la tabla `preguntas`
--
ALTER TABLE `preguntas`
MODIFY `id` int(10) unsigned NOT NULL AUTO_INCREMENT,AUTO_INCREMENT=201;
--
-- AUTO_INCREMENT de la tabla `usuarios`
--
ALTER TABLE `usuarios`
MODIFY `id` int(10) unsigned NOT NULL AUTO_INCREMENT,AUTO_INCREMENT=7;
--
-- AUTO_INCREMENT de la tabla `usuarios_examenes`
--
ALTER TABLE `usuarios_examenes`
MODIFY `id` int(10) unsigned NOT NULL AUTO_INCREMENT,AUTO_INCREMENT=31;
--
-- Restricciones para tablas volcadas
--

--
-- Filtros para la tabla `alumnos_matriculados_examenes`
--
ALTER TABLE `alumnos_matriculados_examenes`
ADD CONSTRAINT `alumnos_matriculados_examenes_examen_id_foreign` FOREIGN KEY (`examen_id`) REFERENCES `examenes` (`id`) ON DELETE CASCADE,
ADD CONSTRAINT `alumnos_matriculados_examenes_usuario_id_foreign` FOREIGN KEY (`usuario_id`) REFERENCES `usuarios` (`id`) ON DELETE CASCADE;

--
-- Filtros para la tabla `preguntas`
--
ALTER TABLE `preguntas`
ADD CONSTRAINT `preguntas_examen_id_foreign` FOREIGN KEY (`examen_id`) REFERENCES `examenes` (`id`) ON DELETE CASCADE;

--
-- Filtros para la tabla `usuarios_examenes`
--
ALTER TABLE `usuarios_examenes`
ADD CONSTRAINT `usuarios_examenes_examen_id_foreign` FOREIGN KEY (`examen_id`) REFERENCES `examenes` (`id`) ON DELETE CASCADE,
ADD CONSTRAINT `usuarios_examenes_usuario_id_foreign` FOREIGN KEY (`usuario_id`) REFERENCES `usuarios` (`id`) ON DELETE CASCADE;

/*!40101 SET CHARACTER_SET_CLIENT=@OLD_CHARACTER_SET_CLIENT */;
/*!40101 SET CHARACTER_SET_RESULTS=@OLD_CHARACTER_SET_RESULTS */;
/*!40101 SET COLLATION_CONNECTION=@OLD_COLLATION_CONNECTION */;
